chain,chain_id,contract_name,category,provenance,proxy_address,implementation_address,implementation_name,era_index,era_count,valid_from_block,valid_to_block,is_live,creation_block,creation_method,era_method,era_evidence,era_announcement_event,abi_source,runtime_code_hash,semantics_note,source,notes
CELO,42220,AdminWallet,gooddollar_owned,published,0x7119cd89d4792af90277d84cdffa3f2ab22a0022,0xbfb5052aee113fc160c18ae85c9831dcd2b2fdc0,AdminWallet,1,5,18002976,21368263,false,18002976,explorer_index_and_state_read_agree,bisection_and_announcement_union,announcement_log_only,Upgraded(address),etherscan_v2_verified_source,0xc67787fd2231f7326a2527db40332b920f33840fe942296e17be56f6125ac589,abi_identical_bodies_unreviewed,measured_2026_09_24_union_of_published_artifact_onchain_registry_and_chain_index,eip1967 implementation slot
CELO,42220,AdminWallet,gooddollar_owned,published,0x7119cd89d4792af90277d84cdffa3f2ab22a0022,0x24614ad257f4d09fccaec024c65c40c060e73e9d,AdminWallet,2,5,21368263,21369184,false,18002976,explorer_index_and_state_read_agree,bisection_and_announcement_union,slot_bisection_and_announcement_log,Upgraded(address),etherscan_v2_verified_source,0xe21dd06280946f5040f63cbfa0ea2b2e35e000ae528828935dbbaed0244177d7,abi_identical_bodies_unreviewed,measured_2026_09_24_union_of_published_artifact_onchain_registry_and_chain_index,eip1967 implementation slot
CELO,42220,AdminWallet,gooddollar_owned,published,0x7119cd89d4792af90277d84cdffa3f2ab22a0022,0xae2cd2a9513215961d344a2581dcab678598eedf,AdminWallet,3,5,21369184,28227319,false,18002976,explorer_index_and_state_read_agree,bisection_and_announcement_union,slot_bisection_and_announcement_log,Upgraded(address),etherscan_v2_verified_source,0xae2e0d5cd6fc590c4b6ce659efebd29bb417c359076b8ecd7ec4adf389379c00,abi_identical_bodies_unreviewed,measured_2026_09_24_union_of_published_artifact_onchain_registry_and_chain_index,eip1967 implementation slot
CELO,42220,AdminWallet,gooddollar_owned,published,0x7119cd89d4792af90277d84cdffa3f2ab22a0022,0x703856db9a5432964f081ff4dc46480738fae7bd,AdminWallet,4,5,28227319,50872873,false,18002976,explorer_index_and_state_read_agree,bisection_and_announcement_union,slot_bisection_and_announcement_log,Upgraded(address),etherscan_v2_verified_source,0xf15f2e31e0c7251bd3babc7f23dccff946ca6582daa5f0eee7e19d3424823619,abi_identical_bodies_unreviewed,measured_2026_09_24_union_of_published_artifact_onchain_registry_and_chain_index,eip1967 implementation slot
CELO,42220,AdminWallet,gooddollar_owned,published,0x7119cd89d4792af90277d84cdffa3f2ab22a0022,0xfef0ef0916c5c7745b201dc9e2d04483b1eb36f1,AdminWallet,5,5,50872873,9223372036854775807,true,18002976,explorer_index_and_state_read_agree,bisection_and_announcement_union,slot_bisection_and_announcement_log,Upgraded(address),etherscan_v2_verified_source,0x28708bf9f584205831cdf5ff571feb8c3fe60d1759a4edc4953eb2ffe8b88430,abi_identical_bodies_unreviewed,measured_2026_09_24_union_of_published_artifact_onchain_registry_and_chain_index,eip1967 implementation slot
CELO,42220,Avatar,gooddollar_owned,published+registry,0x495d133b938596c9984d462f007b676bdc57ecec,0x495d133b938596c9984d462f007b676bdc57ecec,Avatar,1,1,17237959,9223372036854775807,true,17237959,explorer_index_and_state_read_agree,single_era_no_proxy_slot,contract_creation,none,etherscan_v2_verified_source,0x8a27316984da83331e574723efd0810faf4d7065f3037b8778d9c572ea49c6d8,abi_identical_bodies_unreviewed,measured_2026_09_24_union_of_published_artifact_onchain_registry_and_chain_index,plain contract. slots re-read at block 78286906
CELO,42220,BulkWhitelist,gooddollar_owned,published,0x30afd0534daa29135308d048103b40dc1ba4518d,0x30afd0534daa29135308d048103b40dc1ba4518d,BulkWhitelist,1,1,26952390,9223372036854775807,true,26952390,explorer_index_and_state_read_agree,single_era_no_proxy_slot,contract_creation,none,etherscan_v2_verified_source,0x60344a20cbd88bedbfd88cec885b62ad50c025de6de11abf30abf652d86ebbc4,abi_identical_bodies_unreviewed,measured_2026_09_24_union_of_published_artifact_onchain_registry_and_chain_index,plain contract. slots re-read at block 78286906
CELO,42220,BuyGDFactory,gooddollar_owned,published,0x00e533b7d6255d05b7f15034b1c989c21f51b91c,0x00e533b7d6255d05b7f15034b1c989c21f51b91c,BuyGDCloneFactory,1,1,21006324,9223372036854775807,true,21006324,explorer_index_and_state_read_agree,single_era_no_proxy_slot,contract_creation,none,etherscan_v2_verified_source,0x047ee7c00427bb66d4412b5748c158d3a8e3330166dd6e5a849ec2e4d9fc728c,abi_identical_bodies_unreviewed,measured_2026_09_24_union_of_published_artifact_onchain_registry_and_chain_index,plain contract. slots re-read at block 78286906
CELO,42220,BuyGDFactoryV2,gooddollar_owned,published,0x1f60c4c7037c6766924a43666b781ed1479587a2,0x1f60c4c7037c6766924a43666b781ed1479587a2,BuyGDCloneFactory,1,1,22909812,9223372036854775807,true,22909812,explorer_index_and_state_read_agree,single_era_no_proxy_slot,contract_creation,none,etherscan_v2_verified_source,0xb0deea380b10aaab11e12102a20b31fa11fd7ddfbed72761ad30cd6933e143b9,abi_identical_bodies_unreviewed,measured_2026_09_24_union_of_published_artifact_onchain_registry_and_chain_index,plain contract. slots re-read at block 78286906
CELO,42220,BUYGDFactoryV3,gooddollar_owned,published,0xb1c87d3270d4a23bc1fcca8be53af11e4773d89d,0xb1c87d3270d4a23bc1fcca8be53af11e4773d89d,BuyGDCloneFactory,1,1,72905831,9223372036854775807,true,72905831,explorer_index_and_state_read_agree,single_era_no_proxy_slot,contract_creation,none,etherscan_v2_verified_source,0x2c25daa8960a888e9b92aa463cfe8770a5b7afcf0d7359dcd1bf3b344c8be1a8,abi_identical_bodies_unreviewed,measured_2026_09_24_union_of_published_artifact_onchain_registry_and_chain_index,plain contract. slots re-read at block 78286906
CELO,42220,CeloDistributionHelper,gooddollar_owned,published,0x6b845effaf36c374e8e7cf543efa680f2f71f098,0x6db04d771e2ba750effbbad59dcca20381efb1c5,CeloDistributionHelper,1,1,31415781,9223372036854775807,true,31415781,explorer_index_and_state_read_agree,bisection_and_announcement_union,announcement_log_only,Upgraded(address),etherscan_v2_verified_source,0xa1a06f022a982744ad4a646f9ced63087f65f2b7d4e29c4e92345f2714abb030,abi_identical_bodies_unreviewed,measured_2026_09_24_union_of_published_artifact_onchain_registry_and_chain_index,eip1967 implementation slot
CELO,42220,CommunitySafe,gooddollar_owned_safe,published,0x437c699887779d0a95ad6349cfde7dfa716c005d,0x437c699887779d0a95ad6349cfde7dfa716c005d,GnosisSafeProxy,1,1,18862438,9223372036854775807,true,18862438,explorer_index_and_state_read_agree,single_era_no_proxy_slot,contract_creation,none,etherscan_v2_verified_source,0xb89c1b3bdf2cf8827818646bce9a8f6e372885f8c55e5c07acbd307cb133b000,abi_identical_bodies_unreviewed,measured_2026_09_24_union_of_published_artifact_onchain_registry_and_chain_index,plain contract. slots re-read at block 78286906
CELO,42220,Controller,gooddollar_owned,published+registry,0x0be7c592374ee0bd0ccbfc76be758a138bcaec6e,0x0be7c592374ee0bd0ccbfc76be758a138bcaec6e,Controller,1,1,17237959,9223372036854775807,true,17237959,explorer_index_and_state_read_agree,single_era_no_proxy_slot,contract_creation,none,etherscan_v2_verified_source,0x1cce4814ac502cec7e982e73d29bdc95e9094476ba971b6777f8abd4a415fc26,abi_identical_bodies_unreviewed,measured_2026_09_24_union_of_published_artifact_onchain_registry_and_chain_index,plain contract. slots re-read at block 78286906
CELO,42220,CUSD,third_party_token,published,0x765de816845861e75a25fca122bb6898b8b1282a,0x0000000000000000000000000000000000000000,uninitialised,1,9,2957,2961,false,2957,explorer_index_and_state_read_agree,bisection_and_announcement_union,contract_creation,none,none,,"proxy_deployed_without_an_implementation: The implementation slot read zero from the creation block until the next boundary, so only the events of the proxy contract itself can occur in this window",measured_2026_09_24_union_of_published_artifact_onchain_registry_and_chain_index,eip1967 implementation slot
CELO,42220,CUSD,third_party_token,published,0x765de816845861e75a25fca122bb6898b8b1282a,0xaa933baf03cfc55b8e4e0d7de479bcc12f189352,unknown,2,9,2961,3629000,false,2957,explorer_index_and_state_read_agree,bisection_and_announcement_union,slot_bisection_only,none,none,0xa23ae32221bdebb534ab6da55a2b31ca5cc931aa8b6def9bb5f8401e139d51d2,"no_verified_abi: The event surface for this era is UNKNOWN, which is not the same as empty",measured_2026_09_24_union_of_published_artifact_onchain_registry_and_chain_index,eip1967 implementation slot
CELO,42220,CUSD,third_party_token,published,0x765de816845861e75a25fca122bb6898b8b1282a,0x7e327831c644f2b1fef642079f116181bc471cb3,unknown,3,9,3629000,5822108,false,2957,explorer_index_and_state_read_agree,bisection_and_announcement_union,slot_bisection_only,none,none,0xfd545fc18c7a1a554e36aeb4392a9d532ba2911131296f6a5d1d5a478ffbe4e1,"no_verified_abi: The event surface for this era is UNKNOWN, which is not the same as empty",measured_2026_09_24_union_of_published_artifact_onchain_registry_and_chain_index,eip1967 implementation slot
CELO,42220,CUSD,third_party_token,published,0x765de816845861e75a25fca122bb6898b8b1282a,0x2c4c1f3e06d494bcc03e93b373637cc4333cbd7d,unknown,4,9,5822108,9105530,false,2957,explorer_index_and_state_read_agree,bisection_and_announcement_union,slot_bisection_only,none,none,0xe4c43237f59abc7e640bd1a1e60fe5d81b77b5522ad3459aede9f1e17c3d0b46,"no_verified_abi: The event surface for this era is UNKNOWN, which is not the same as empty",measured_2026_09_24_union_of_published_artifact_onchain_registry_and_chain_index,eip1967 implementation slot
CELO,42220,CUSD,third_party_token,published,0x765de816845861e75a25fca122bb6898b8b1282a,0x18e6bfdc909063f7445e410a5495264619495bcb,StableToken,5,9,9105530,18635694,false,2957,explorer_index_and_state_read_agree,bisection_and_announcement_union,slot_bisection_only,none,etherscan_v2_verified_source,0x040dda9403fdb8661a907d59b7aa0b98d8d163e35647e41c4e697d669036367b,abi_identical_bodies_unreviewed,measured_2026_09_24_union_of_published_artifact_onchain_registry_and_chain_index,eip1967 implementation slot
CELO,42220,CUSD,third_party_token,published,0x765de816845861e75a25fca122bb6898b8b1282a,0x7ae2f384fe14ead85779f9224558862d6d3e4f28,StableToken,6,9,18635694,23065563,false,2957,explorer_index_and_state_read_agree,bisection_and_announcement_union,slot_bisection_only,none,etherscan_v2_verified_source,0xd73ed2d40adbb84367cd834fa834bb09eb4f67e668215e8895635930c8d7b714,abi_identical_bodies_unreviewed,measured_2026_09_24_union_of_published_artifact_onchain_registry_and_chain_index,eip1967 implementation slot
CELO,42220,CUSD,third_party_token,published,0x765de816845861e75a25fca122bb6898b8b1282a,0x434563b0604be100f04b7ae485bcafe3c9d8850e,StableTokenV2,7,9,23065563,60666007,false,2957,explorer_index_and_state_read_agree,bisection_and_announcement_union,slot_bisection_only,none,etherscan_v2_verified_source,0x659d421716b8eac9026199a99ab15d277dc163a46f48ac5ebf9e1462a6d85170,abi_identical_bodies_unreviewed,measured_2026_09_24_union_of_published_artifact_onchain_registry_and_chain_index,eip1967 implementation slot
CELO,42220,CUSD,third_party_token,published,0x765de816845861e75a25fca122bb6898b8b1282a,0x4b9b0e94197b7b2b11d311239e1420106ce7a2a2,StableTokenV3,8,9,60666007,60745284,false,2957,explorer_index_and_state_read_agree,bisection_and_announcement_union,slot_bisection_only,none,etherscan_v2_verified_source,0x43c6a9f2bbd66e2a2cff43250a380b0fbbf4880e865b163303a849bf45a71ca8,abi_identical_bodies_unreviewed,measured_2026_09_24_union_of_published_artifact_onchain_registry_and_chain_index,eip1967 implementation slot
CELO,42220,CUSD,third_party_token,published,0x765de816845861e75a25fca122bb6898b8b1282a,0x815795c30d0758a297b08cd4e0643620c974c318,StableTokenV3,9,9,60745284,9223372036854775807,true,2957,explorer_index_and_state_read_agree,bisection_and_announcement_union,slot_bisection_only,none,etherscan_v2_verified_source,0xd5be5b27724e5f68e90b0765f4a2bc883b6847812356d4ef33ac38ed277a30cf,abi_identical_bodies_unreviewed,measured_2026_09_24_union_of_published_artifact_onchain_registry_and_chain_index,eip1967 implementation slot
CELO,42220,DAOCreator,gooddollar_owned,published,0x76e76e10ac308a1d54a00f9df27edce4801f288b,,unknown,1,0,,,false,,"not applicable, no code is deployed at this address",no_code_deployed,none,none,none,,no_code_at_pinned_block: A published artifact or the registry names this address and nothing is deployed there,measured_2026_09_24_union_of_published_artifact_onchain_registry_and_chain_index,read at block 78286906
CELO,42220,Faucet,gooddollar_owned,published,0x4f93fa058b03953c851efaa2e4fc5c34afdfab84,0x9fc57c2aa7230ff041a39c64c67e3d38c3c6621a,Faucet,1,10,18003061,18481054,false,18003061,explorer_index_and_state_read_agree,bisection_and_announcement_union,announcement_log_only,Upgraded(address),etherscan_v2_verified_source,0x60adef4e58f448da1c484b8f64b875688ea6b17e6cf34531bc9530985d05be5e,abi_identical_bodies_unreviewed,measured_2026_09_24_union_of_published_artifact_onchain_registry_and_chain_index,eip1967 implementation slot
CELO,42220,Faucet,gooddollar_owned,published,0x4f93fa058b03953c851efaa2e4fc5c34afdfab84,0x91b6eed85458239f281f5ad46c8defd60ddef8b2,Faucet,2,10,18481054,18866025,false,18003061,explorer_index_and_state_read_agree,bisection_and_announcement_union,slot_bisection_and_announcement_log,Upgraded(address),etherscan_v2_verified_source,0xbdc69d3696a4a6de3cdd277f5b71e67bad0f19f0a433f3e6a4d4235257c28f7c,abi_identical_bodies_unreviewed,measured_2026_09_24_union_of_published_artifact_onchain_registry_and_chain_index,eip1967 implementation slot
CELO,42220,Faucet,gooddollar_owned,published,0x4f93fa058b03953c851efaa2e4fc5c34afdfab84,0xac92cea7b8936e769b00117e7428f7499c93f9db,Faucet,3,10,18866025,20299862,false,18003061,explorer_index_and_state_read_agree,bisection_and_announcement_union,slot_bisection_and_announcement_log,Upgraded(address),etherscan_v2_verified_source,0x1e06dc2d8337ea3aaa409d7742b21d35a686da7e31b7211ecd338bfea40aac9d,abi_identical_bodies_unreviewed,measured_2026_09_24_union_of_published_artifact_onchain_registry_and_chain_index,eip1967 implementation slot
CELO,42220,Faucet,gooddollar_owned,published,0x4f93fa058b03953c851efaa2e4fc5c34afdfab84,0x0cb76de990330b36b72c9b604a71d24eaa45ebf4,Faucet,4,10,20299862,39388555,false,18003061,explorer_index_and_state_read_agree,bisection_and_announcement_union,slot_bisection_and_announcement_log,Upgraded(address),etherscan_v2_verified_source,0xa342d94b354aa61ba8221b004ade990d040fb7de31385ca82ff9b0a65c649286,abi_identical_bodies_unreviewed,measured_2026_09_24_union_of_published_artifact_onchain_registry_and_chain_index,eip1967 implementation slot
CELO,42220,Faucet,gooddollar_owned,published,0x4f93fa058b03953c851efaa2e4fc5c34afdfab84,0x783548481a6ca92b6589365161b31e3ed64d0c3c,Faucet,5,10,39388555,40258358,false,18003061,explorer_index_and_state_read_agree,bisection_and_announcement_union,slot_bisection_and_announcement_log,Upgraded(address),etherscan_v2_verified_source,0xebabf487538a31aba764a34ab1ed1570d6795310a94f6d3d4309abc5b2f975dc,abi_identical_bodies_unreviewed,measured_2026_09_24_union_of_published_artifact_onchain_registry_and_chain_index,eip1967 implementation slot
CELO,42220,Faucet,gooddollar_owned,published,0x4f93fa058b03953c851efaa2e4fc5c34afdfab84,0xf224d5166fb194d8404a4a2d1d9fbb41866625ad,Faucet,6,10,40258358,49737165,false,18003061,explorer_index_and_state_read_agree,bisection_and_announcement_union,slot_bisection_and_announcement_log,Upgraded(address),etherscan_v2_verified_source,0xe5aa4f18fa67a7c1ac33d6277d9216f7adbec3f5cf027a50534f7ab929fadbdf,abi_identical_bodies_unreviewed,measured_2026_09_24_union_of_published_artifact_onchain_registry_and_chain_index,eip1967 implementation slot
CELO,42220,Faucet,gooddollar_owned,published,0x4f93fa058b03953c851efaa2e4fc5c34afdfab84,0xb6739a9dd61b0deff7cfb24cad220d70f948dbee,Faucet,7,10,49737165,49740289,false,18003061,explorer_index_and_state_read_agree,bisection_and_announcement_union,slot_bisection_and_announcement_log,Upgraded(address),etherscan_v2_verified_source,0x68755099f25764af194ff16c1f4a6fd14bdd4bd89a1c3f6832649a36508e6533,abi_identical_bodies_unreviewed,measured_2026_09_24_union_of_published_artifact_onchain_registry_and_chain_index,eip1967 implementation slot
CELO,42220,Faucet,gooddollar_owned,published,0x4f93fa058b03953c851efaa2e4fc5c34afdfab84,0x1c3e0cfb6c316188789ad7f4c1e2fd56dd902214,Faucet,8,10,49740289,59605758,false,18003061,explorer_index_and_state_read_agree,bisection_and_announcement_union,slot_bisection_and_announcement_log,Upgraded(address),etherscan_v2_verified_source,0xe8429a22753ce3f82c856a7f5dee88264782d956d615db983d0cd5ec8e9fb325,abi_identical_bodies_unreviewed,measured_2026_09_24_union_of_published_artifact_onchain_registry_and_chain_index,eip1967 implementation slot
CELO,42220,Faucet,gooddollar_owned,published,0x4f93fa058b03953c851efaa2e4fc5c34afdfab84,0x41ef166fb7d022ce9a90b47581f323d19fafbddd,unknown,9,10,59605758,59606288,false,18003061,explorer_index_and_state_read_agree,bisection_and_announcement_union,slot_bisection_and_announcement_log,Upgraded(address),none,0x368dbfc1d9f8d5f05945e140ed7b50750b906c2373068f38cc9e892ab0b66163,"no_verified_abi: The event surface for this era is UNKNOWN, which is not the same as empty",measured_2026_09_24_union_of_published_artifact_onchain_registry_and_chain_index,eip1967 implementation slot
CELO,42220,Faucet,gooddollar_owned,published,0x4f93fa058b03953c851efaa2e4fc5c34afdfab84,0x08fdf766694c353401350c225caeb9c631dc3288,Faucet,10,10,59606288,9223372036854775807,true,18003061,explorer_index_and_state_read_agree,bisection_and_announcement_union,slot_bisection_and_announcement_log,Upgraded(address),etherscan_v2_verified_source,0x60946ac381f89c0e81d17e75a66b09f5eb90e0846cbc50fba2e642a50f5373cc,abi_identical_bodies_unreviewed,measured_2026_09_24_union_of_published_artifact_onchain_registry_and_chain_index,eip1967 implementation slot
CELO,42220,FeeFormula,gooddollar_owned,published,0x1151867da39003695eed28fafa871079c91884c9,0x1151867da39003695eed28fafa871079c91884c9,FeeFormula,1,1,17237953,9223372036854775807,true,17237953,explorer_index_and_state_read_agree,single_era_no_proxy_slot,contract_creation,none,etherscan_v2_verified_source,0xb10599b90c45878333139dfa098974b8df30eba5596654ef05c46daa2a6f0847,abi_identical_bodies_unreviewed,measured_2026_09_24_union_of_published_artifact_onchain_registry_and_chain_index,plain contract. slots re-read at block 78286906
CELO,42220,GoodDollar,gooddollar_owned,published+registry,0x62b8b11039fcfe5ab0c56e502b1c372a3d2a9c7a,0x0000000000000000000000000000000000000000,uninitialised,1,8,17237955,17237956,false,17237955,explorer_index_and_state_read_agree,bisection_and_announcement_union,contract_creation,none,none,,"proxy_deployed_without_an_implementation: The implementation slot read zero from the creation block until the next boundary, so only the events of the proxy contract itself can occur in this window",measured_2026_09_24_union_of_published_artifact_onchain_registry_and_chain_index,eip1967 implementation slot
CELO,42220,GoodDollar,gooddollar_owned,published+registry,0x62b8b11039fcfe5ab0c56e502b1c372a3d2a9c7a,0xca903643aa81a2d67863079548f6b53a6dae43d7,SuperGoodDollar,2,8,17237956,17238214,false,17237955,explorer_index_and_state_read_agree,bisection_and_announcement_union,slot_bisection_only,none,etherscan_v2_verified_source,0x6d4edf2a14e946bc4bc85ccd999d505d35a8c0a901030d95d96cf42312f36d85,abi_identical_bodies_unreviewed,measured_2026_09_24_union_of_published_artifact_onchain_registry_and_chain_index,eip1967 implementation slot
CELO,42220,GoodDollar,gooddollar_owned,published+registry,0x62b8b11039fcfe5ab0c56e502b1c372a3d2a9c7a,0xf6b5f7a885cbc57d739adbee76e52a70bc04d795,SuperGoodDollar,3,8,17238214,17260434,false,17237955,explorer_index_and_state_read_agree,bisection_and_announcement_union,slot_bisection_and_announcement_log,"CodeUpdated(bytes32,address)",etherscan_v2_verified_source,0xf6dcc0590e58b7501bb8701ad1ad658cf2b7de8ec3a8faa9b6d4f2fba8764fa2,abi_identical_bodies_unreviewed,measured_2026_09_24_union_of_published_artifact_onchain_registry_and_chain_index,eip1967 implementation slot
CELO,42220,GoodDollar,gooddollar_owned,published+registry,0x62b8b11039fcfe5ab0c56e502b1c372a3d2a9c7a,0x2e54a29275ffccbbdb42816ee1dd8d7e610c4cb4,SuperGoodDollar,4,8,17260434,17271388,false,17237955,explorer_index_and_state_read_agree,bisection_and_announcement_union,slot_bisection_and_announcement_log,"CodeUpdated(bytes32,address)",etherscan_v2_verified_source,0x083fbabd4a581ff5a538068453614131f51ee536a0bce7bcc5aa716a55d7aa8d,carried_from_seed: TransferFee event added. MEASURED as never fired to date so Transfer.value remains the whole story. Recheck if it ever fires.,measured_2026_09_24_union_of_published_artifact_onchain_registry_and_chain_index,eip1967 implementation slot
CELO,42220,GoodDollar,gooddollar_owned,published+registry,0x62b8b11039fcfe5ab0c56e502b1c372a3d2a9c7a,0xc9995e270b4f0d3d73e3f0133d0ceeb8455d7649,SuperGoodDollar,5,8,17271388,21746648,false,17237955,explorer_index_and_state_read_agree,bisection_and_announcement_union,slot_bisection_and_announcement_log,"CodeUpdated(bytes32,address)",etherscan_v2_verified_source,0x934f7100a5cf339f677c3822c76029b38a9e97438635450c878f8c4d58f4909a,abi_identical_bodies_unreviewed,measured_2026_09_24_union_of_published_artifact_onchain_registry_and_chain_index,eip1967 implementation slot
CELO,42220,GoodDollar,gooddollar_owned,published+registry,0x62b8b11039fcfe5ab0c56e502b1c372a3d2a9c7a,0xac862af0a463a5faebbe959e3483b41400f5bb38,SuperGoodDollar,6,8,21746648,22596133,false,17237955,explorer_index_and_state_read_agree,bisection_and_announcement_union,slot_bisection_and_announcement_log,"CodeUpdated(bytes32,address)",etherscan_v2_verified_source,0xbff04a2102f39ae6f66ae309cb4591635ca34f2459429261134e25411faf01fb,carried_from_seed: Superfluid NFT agreement model. TokenUpgraded and TokenDowngraded removed. ConstantInflowNFTCreated and ConstantOutflowNFTCreated added. Eleven functions swapped including downgrade getUnderlyingToken selfMint selfBurn.,measured_2026_09_24_union_of_published_artifact_onchain_registry_and_chain_index,eip1967 implementation slot
CELO,42220,GoodDollar,gooddollar_owned,published+registry,0x62b8b11039fcfe5ab0c56e502b1c372a3d2a9c7a,0x880c4641702d5e12d6a881bb6d8fc425e98cb398,SuperGoodDollar,7,8,22596133,77207809,false,17237955,explorer_index_and_state_read_agree,bisection_and_announcement_union,slot_bisection_and_announcement_log,"CodeUpdated(bytes32,address)",etherscan_v2_verified_source,0xa2d98dc81d3ca3bab7e5cdbe11a4860fbefde5b50a0c910c52a2504b146e2db5,abi_identical_bodies_unreviewed,measured_2026_09_24_union_of_published_artifact_onchain_registry_and_chain_index,eip1967 implementation slot
CELO,42220,GoodDollar,gooddollar_owned,published+registry,0x62b8b11039fcfe5ab0c56e502b1c372a3d2a9c7a,0xaabaac2282681ec667339d70d7ebf7f1720ca1de,SuperGoodDollar,8,8,77207809,9223372036854775807,true,17237955,explorer_index_and_state_read_agree,bisection_and_announcement_union,slot_bisection_and_announcement_log,"CodeUpdated(bytes32,address)",etherscan_v2_verified_source,0x4650c5f121ca37da373278cb05efc0857704454f4a1afec72b6bc4058bd409d6,carried_from_seed: BlockedUpdated event added and IS IN USE. 15 addresses blocked in one tx at block 77233730 including a Uniswap V3 pool. A blocked address cannot move the token so a quiet address may be prohibited rather than inactive.,measured_2026_09_24_union_of_published_artifact_onchain_registry_and_chain_index,eip1967 implementation slot
CELO,42220,GoodDollarMintBurnWrapper,gooddollar_owned,published+registry,0x5566b6e4962ba83e05a426ad89031ec18e9cadd3,0xb0b86dd967655728218b7b87b10051a60758af82,MintBurnWrapper,1,6,13037458,13254104,false,13037458,explorer_index_and_state_read_agree,bisection_and_announcement_union,announcement_log_only,Upgraded(address),etherscan_v2_verified_source,0xc8359e84630f5907348cea1136429f5b91a3d0f687b57f20835a1146881f80e2,abi_identical_bodies_unreviewed,measured_2026_09_24_union_of_published_artifact_onchain_registry_and_chain_index,eip1967 implementation slot
CELO,42220,GoodDollarMintBurnWrapper,gooddollar_owned,published+registry,0x5566b6e4962ba83e05a426ad89031ec18e9cadd3,0x413e395b10be6f39f2aa0d80eec48edb88738ac4,GoodDollarMintBurnWrapper,2,6,13254104,13660450,false,13037458,explorer_index_and_state_read_agree,bisection_and_announcement_union,slot_bisection_and_announcement_log,Upgraded(address),etherscan_v2_verified_source,0x35f1a1bc56ad9ca11379afa307e637159af9caba0eafea55d97486882a3e4a33,abi_identical_bodies_unreviewed,measured_2026_09_24_union_of_published_artifact_onchain_registry_and_chain_index,eip1967 implementation slot
CELO,42220,GoodDollarMintBurnWrapper,gooddollar_owned,published+registry,0x5566b6e4962ba83e05a426ad89031ec18e9cadd3,0xa7fdd8b0e68e09c9e4aee8f03a8443d5827187d1,GoodDollarMintBurnWrapper,3,6,13660450,15806090,false,13037458,explorer_index_and_state_read_agree,bisection_and_announcement_union,slot_bisection_and_announcement_log,Upgraded(address),etherscan_v2_verified_source,0xdfcf646513c464e512d4c0cac0bf69f5ecd5db669a5cba84244159daaba61c82,abi_identical_bodies_unreviewed,measured_2026_09_24_union_of_published_artifact_onchain_registry_and_chain_index,eip1967 implementation slot
CELO,42220,GoodDollarMintBurnWrapper,gooddollar_owned,published+registry,0x5566b6e4962ba83e05a426ad89031ec18e9cadd3,0x0a36091884b8d7808d5fdb47cbdead457ea9803e,GoodDollarMintBurnWrapper,4,6,15806090,17228965,false,13037458,explorer_index_and_state_read_agree,bisection_and_announcement_union,slot_bisection_and_announcement_log,Upgraded(address),etherscan_v2_verified_source,0x6a9b48197ba0fb19f74cf5467b1207f689120d97702df03bd2d90c90efff6100,abi_identical_bodies_unreviewed,measured_2026_09_24_union_of_published_artifact_onchain_registry_and_chain_index,eip1967 implementation slot
CELO,42220,GoodDollarMintBurnWrapper,gooddollar_owned,published+registry,0x5566b6e4962ba83e05a426ad89031ec18e9cadd3,0xb3109ca8c7bf74fc5d28285ecf7fe498c21a0698,GoodDollarMintBurnWrapper,5,6,17228965,17239796,false,13037458,explorer_index_and_state_read_agree,bisection_and_announcement_union,slot_bisection_and_announcement_log,Upgraded(address),etherscan_v2_verified_source,0x54ef0f8fab68d40828eeeabb66ea0f3d714be1a52894f55431d1c5c76be88d0c,abi_identical_bodies_unreviewed,measured_2026_09_24_union_of_published_artifact_onchain_registry_and_chain_index,eip1967 implementation slot
CELO,42220,GoodDollarMintBurnWrapper,gooddollar_owned,published+registry,0x5566b6e4962ba83e05a426ad89031ec18e9cadd3,0x098148534ac15a44cff52387ba81ed929589ecaf,GoodDollarMintBurnWrapper,6,6,17239796,9223372036854775807,true,13037458,explorer_index_and_state_read_agree,bisection_and_announcement_union,slot_bisection_and_announcement_log,Upgraded(address),etherscan_v2_verified_source,0x976528b459f21a7bd143cf3b456517b0a452da77a06e6749356da66a98548dfd,abi_identical_bodies_unreviewed,measured_2026_09_24_union_of_published_artifact_onchain_registry_and_chain_index,eip1967 implementation slot
CELO,42220,GReputation,gooddollar_owned,published+registry,0xa9000aa66903b5e26f88fa8462739cdcf7956ea6,0x4be0c7f9c468b174dfeba304d8bd6af000948a79,GReputation,1,1,17237958,9223372036854775807,true,17237958,explorer_index_and_state_read_agree,bisection_and_announcement_union,announcement_log_only,Upgraded(address),etherscan_v2_verified_source,0x47c7e53ea14ed9e7757ba2640dfbdcb6ddf21ef2bc9578d9d2c4e92e53ebeea0,abi_identical_bodies_unreviewed,measured_2026_09_24_union_of_published_artifact_onchain_registry_and_chain_index,eip1967 implementation slot
CELO,42220,GuardiansSafe,gooddollar_owned_safe,published,0xa2521e8f5a990903fdd8afa6570c52526e7e0d5e,0xa2521e8f5a990903fdd8afa6570c52526e7e0d5e,GnosisSafeProxy,1,1,16375699,9223372036854775807,true,16375699,explorer_index_and_state_read_agree,single_era_no_proxy_slot,contract_creation,none,etherscan_v2_verified_source,0xb89c1b3bdf2cf8827818646bce9a8f6e372885f8c55e5c07acbd307cb133b000,abi_identical_bodies_unreviewed,measured_2026_09_24_union_of_published_artifact_onchain_registry_and_chain_index,plain contract. slots re-read at block 78286906
CELO,42220,GuardiansSafeOld,gooddollar_owned,published,0xc9d09ba972b4eb6bb7347f2229fb6d50434ffca6,0xc9d09ba972b4eb6bb7347f2229fb6d50434ffca6,GnosisSafeProxy,1,1,12956494,9223372036854775807,true,12956494,explorer_index_and_state_read_agree,single_era_no_proxy_slot,contract_creation,none,etherscan_v2_verified_source,0xb89c1b3bdf2cf8827818646bce9a8f6e372885f8c55e5c07acbd307cb133b000,abi_identical_bodies_unreviewed,measured_2026_09_24_union_of_published_artifact_onchain_registry_and_chain_index,plain contract. slots re-read at block 78286906
CELO,42220,Identity,gooddollar_owned,published+registry,0xc361a6e67822a0edc17d899227dd9fc50bd62f42,0x284a775f971c58c93cc5ee2a09a5f3496af9b11d,IdentityV2,1,5,17237952,18314662,false,17237952,explorer_index_and_state_read_agree,bisection_and_announcement_union,announcement_log_only,Upgraded(address),etherscan_v2_verified_source,0x8a3716a5117789bfbb058b671557334c9f95d40631126f92b67f977ba7e44fe7,abi_identical_bodies_unreviewed,measured_2026_09_24_union_of_published_artifact_onchain_registry_and_chain_index,eip1967 implementation slot
CELO,42220,Identity,gooddollar_owned,published+registry,0xc361a6e67822a0edc17d899227dd9fc50bd62f42,0x7d3033247d4a57b8193b6d9193fd56b45c3f794f,IdentityV2,2,5,18314662,19163670,false,17237952,explorer_index_and_state_read_agree,bisection_and_announcement_union,slot_bisection_and_announcement_log,Upgraded(address),etherscan_v2_verified_source,0x68684e4903b9e207776736097e4c0bc1be9043a4e83a8b1553a9327b0cc42142,abi_identical_bodies_unreviewed,measured_2026_09_24_union_of_published_artifact_onchain_registry_and_chain_index,eip1967 implementation slot
CELO,42220,Identity,gooddollar_owned,published+registry,0xc361a6e67822a0edc17d899227dd9fc50bd62f42,0x3df6ea625866df8d0a61408a122c484b98f3184c,IdentityV2,3,5,19163670,50351048,false,17237952,explorer_index_and_state_read_agree,bisection_and_announcement_union,slot_bisection_and_announcement_log,Upgraded(address),etherscan_v2_verified_source,0x622b7abbc47d60c8a7493bde94d8e9164b244c4631dd33ed79590c739cdb0ced,abi_identical_bodies_unreviewed,measured_2026_09_24_union_of_published_artifact_onchain_registry_and_chain_index,eip1967 implementation slot
CELO,42220,Identity,gooddollar_owned,published+registry,0xc361a6e67822a0edc17d899227dd9fc50bd62f42,0x1eeeb5ba9a9f8b84e52612884a4c18c78cc7413e,IdentityV3,4,5,50351048,61416834,false,17237952,explorer_index_and_state_read_agree,bisection_and_announcement_union,slot_bisection_and_announcement_log,Upgraded(address),etherscan_v2_verified_source,0x4bd0225a727e3608ce47277a685849547c779c35785388dffcb68a1064f49f23,carried_from_seed: IdentityV3. Event set identical to V2.,measured_2026_09_24_union_of_published_artifact_onchain_registry_and_chain_index,eip1967 implementation slot
CELO,42220,Identity,gooddollar_owned,published+registry,0xc361a6e67822a0edc17d899227dd9fc50bd62f42,0x0ecc03f4e3fa94fa6e2098428a3ad393b65933c9,IdentityV4,5,5,61416834,9223372036854775807,true,17237952,explorer_index_and_state_read_agree,bisection_and_announcement_union,slot_bisection_and_announcement_log,Upgraded(address),etherscan_v2_verified_source,0x0a43a8aa37ea56339ba7f8b8083eb95f17e582d1ccfb2c9f37b8436b195085ad,carried_from_seed: IdentityV4. Whitelist expiry moves from one global authenticationPeriod to a PER WALLET reverifyDaysOptions[authCount] schedule. Boundary comparison flips from <= to <. addBlacklisted now emits WhitelistedRemoved before BlacklistAdded in the same tx. authenticationPeriod() stops being stored and returns the last option. AccountConnected and AccountDisconnected events added.,measured_2026_09_24_union_of_published_artifact_onchain_registry_and_chain_index,eip1967 implementation slot
CELO,42220,Invites,gooddollar_owned,published,0x36829d1cda92fff5782d5d48991620664fc857d3,0xdbc8860618482f703a4047340b8639b1452f96ec,InvitesV2,1,8,18003063,18795892,false,18003063,explorer_index_and_state_read_agree,bisection_and_announcement_union,announcement_log_only,Upgraded(address),etherscan_v2_verified_source,0xe65975cf95e2a884b17fff033799e3ea2f0a852c8b8ea018906dd136b66e639e,abi_identical_bodies_unreviewed,measured_2026_09_24_union_of_published_artifact_onchain_registry_and_chain_index,eip1967 implementation slot
CELO,42220,Invites,gooddollar_owned,published,0x36829d1cda92fff5782d5d48991620664fc857d3,0x61760d949357066ae29c469b70a91934273e4ef3,InvitesV2,2,8,18795892,20211506,false,18003063,explorer_index_and_state_read_agree,bisection_and_announcement_union,slot_bisection_and_announcement_log,Upgraded(address),etherscan_v2_verified_source,0xb9b02551b4d049d0c13cfca61238ea61363f54e1d129dbbad9ed95646aca23cc,abi_identical_bodies_unreviewed,measured_2026_09_24_union_of_published_artifact_onchain_registry_and_chain_index,eip1967 implementation slot
CELO,42220,Invites,gooddollar_owned,published,0x36829d1cda92fff5782d5d48991620664fc857d3,0x142e6d0afdd09c8629970b5fb0cf9798a3d21f89,InvitesV2,3,8,20211506,20645578,false,18003063,explorer_index_and_state_read_agree,bisection_and_announcement_union,slot_bisection_and_announcement_log,Upgraded(address),etherscan_v2_verified_source,0xe469498ecb04290fffe5eab6e1f064e4974fea90b4a6f63e1c7d14106793c001,abi_identical_bodies_unreviewed,measured_2026_09_24_union_of_published_artifact_onchain_registry_and_chain_index,eip1967 implementation slot
CELO,42220,Invites,gooddollar_owned,published,0x36829d1cda92fff5782d5d48991620664fc857d3,0x80fbdcf20af77d7dcb21d7104faddbc5d8bd83eb,InvitesV2,4,8,20645578,24428495,false,18003063,explorer_index_and_state_read_agree,bisection_and_announcement_union,slot_bisection_and_announcement_log,Upgraded(address),etherscan_v2_verified_source,0xb104188d6bf90a6f72c1278594cf06f53ea827a7fe85d91e1dc4167706903edd,abi_identical_bodies_unreviewed,measured_2026_09_24_union_of_published_artifact_onchain_registry_and_chain_index,eip1967 implementation slot
CELO,42220,Invites,gooddollar_owned,published,0x36829d1cda92fff5782d5d48991620664fc857d3,0xd2e26679b4d21cb501ebbc99744c29ed061a6b8c,InvitesV2,5,8,24428495,24518263,false,18003063,explorer_index_and_state_read_agree,bisection_and_announcement_union,slot_bisection_and_announcement_log,Upgraded(address),etherscan_v2_verified_source,0x2009538d39810ef0f0f43438fa262223bcb744fd3e722af01c898afadb3e15a6,abi_identical_bodies_unreviewed,measured_2026_09_24_union_of_published_artifact_onchain_registry_and_chain_index,eip1967 implementation slot
CELO,42220,Invites,gooddollar_owned,published,0x36829d1cda92fff5782d5d48991620664fc857d3,0x87c222b6212b8352c48b7047e5c97c8797535a09,InvitesV2,6,8,24518263,24600260,false,18003063,explorer_index_and_state_read_agree,bisection_and_announcement_union,slot_bisection_and_announcement_log,Upgraded(address),etherscan_v2_verified_source,0x1b8340f46186440723c9966efc1401b06da022e2ea896256168da6be8f783f84,abi_identical_bodies_unreviewed,measured_2026_09_24_union_of_published_artifact_onchain_registry_and_chain_index,eip1967 implementation slot
CELO,42220,Invites,gooddollar_owned,published,0x36829d1cda92fff5782d5d48991620664fc857d3,0xf2196f8c2ba0674a8b00369cd65fab3f54b080a0,InvitesV2,7,8,24600260,61165821,false,18003063,explorer_index_and_state_read_agree,bisection_and_announcement_union,slot_bisection_and_announcement_log,Upgraded(address),etherscan_v2_verified_source,0x02225e275e9e2e265175be1ac585904205a1a49612c41c23b6a15238c05bdf0d,abi_identical_bodies_unreviewed,measured_2026_09_24_union_of_published_artifact_onchain_registry_and_chain_index,eip1967 implementation slot
CELO,42220,Invites,gooddollar_owned,published,0x36829d1cda92fff5782d5d48991620664fc857d3,0x4072cb2d7e95def1559f6f72491039fe0534fa37,InvitesV2,8,8,61165821,9223372036854775807,true,18003063,explorer_index_and_state_read_agree,bisection_and_announcement_union,slot_bisection_and_announcement_log,Upgraded(address),etherscan_v2_verified_source,0xea995ee585fba0d4d31a119bcc206c76b7af8a7155b7c2ee1ca071e111b77ed5,abi_identical_bodies_unreviewed,measured_2026_09_24_union_of_published_artifact_onchain_registry_and_chain_index,eip1967 implementation slot
CELO,42220,MentoBroker,third_party_mento,published,0x88de45906d4f5a57315c133620cfa484cb297541,0xc22505d3a6ae087c0bd4715a56c38b7a029477b2,Broker,1,2,31415857,61416834,false,31415857,explorer_index_and_state_read_agree,bisection_and_announcement_union,announcement_log_only,Upgraded(address),etherscan_v2_verified_source,0x58558a86a3aced5b23ae279244bd285f68c9d6d0a20cf283b7a40a0784697831,abi_identical_bodies_unreviewed,measured_2026_09_24_union_of_published_artifact_onchain_registry_and_chain_index,eip1967 implementation slot
CELO,42220,MentoBroker,third_party_mento,published,0x88de45906d4f5a57315c133620cfa484cb297541,0xc69ae3550e25c7ab28301b9bf75f20f5af47b7d2,Broker,2,2,61416834,9223372036854775807,true,31415857,explorer_index_and_state_read_agree,bisection_and_announcement_union,slot_bisection_and_announcement_log,Upgraded(address),etherscan_v2_verified_source,0x2e63673ca3232bd818d12804ade7e1d688b7c11da7812d0237a3564e99cd0fb7,abi_identical_bodies_unreviewed,measured_2026_09_24_union_of_published_artifact_onchain_registry_and_chain_index,eip1967 implementation slot
CELO,42220,MentoExchangeProvider,third_party_mento,published,0x2ffbb49055d487ddbbb0c052cd7c2a02a7971e41,0xd9ce916d711977d5b27697a13964556b4fb8af1d,GoodDollarExchangeProvider,1,2,31415857,61416834,false,31415857,explorer_index_and_state_read_agree,bisection_and_announcement_union,announcement_log_only,Upgraded(address),etherscan_v2_verified_source,0x65d8c817bac8f41eb34548c15ad6ae5e744da2bd5373916df3b8e63f1fecd916,abi_identical_bodies_unreviewed,measured_2026_09_24_union_of_published_artifact_onchain_registry_and_chain_index,eip1967 implementation slot
CELO,42220,MentoExchangeProvider,third_party_mento,published,0x2ffbb49055d487ddbbb0c052cd7c2a02a7971e41,0xe930cde20f60d0a4fc9487874861ae259f5bed48,GoodDollarExchangeProvider,2,2,61416834,9223372036854775807,true,31415857,explorer_index_and_state_read_agree,bisection_and_announcement_union,slot_bisection_and_announcement_log,Upgraded(address),etherscan_v2_verified_source,0x5ed71ccf7c4789f438827e074bc8bba84c7fc2c615495b12a2f9c51398a8b0d5,carried_from_seed: ExchangeUpdated event added. Not currently consumed.,measured_2026_09_24_union_of_published_artifact_onchain_registry_and_chain_index,eip1967 implementation slot
CELO,42220,MentoExpansionController,third_party_mento,published,0x5557e9def86ad6564462741a7a3f3679c1223f5d,0x7288d592e1b9013c668801f722be650993d2925a,GoodDollarExpansionController,1,1,31415857,9223372036854775807,true,31415857,explorer_creation_tx_plus_receipt_single_endpoint,bisection_and_announcement_union,announcement_log_only,Upgraded(address),etherscan_v2_verified_source,0x9da4f4203282696d49deb0c241e49e0ff09f8b6da2d463f69f3fc98e66899a74,abi_identical_bodies_unreviewed,measured_2026_09_24_union_of_published_artifact_onchain_registry_and_chain_index,eip1967 implementation slot
CELO,42220,MentoProxyAdmin,third_party_mento,published,0x8471406c3bff67cc6538481c8550364bda6ca691,0x8471406c3bff67cc6538481c8550364bda6ca691,ProxyAdmin,1,1,31415855,9223372036854775807,true,31415855,explorer_creation_tx_plus_receipt_two_endpoints_agreeing,single_era_no_proxy_slot,contract_creation,none,etherscan_v2_verified_source,0xdd44d5a52707f76ac1bb4147820056bd47ca2c90f79d82fdaeb19b7d180179b4,abi_identical_bodies_unreviewed,measured_2026_09_24_union_of_published_artifact_onchain_registry_and_chain_index,plain contract. slots re-read at block 78286906
CELO,42220,MentoReserve,third_party_mento,published,0x94a3240f484a04f5e3d524f528d02694c109463b,0xf036896e9441ecaeb1b6d2fc1b982021eed2b439,Reserve,1,1,31415856,9223372036854775807,true,31415856,explorer_creation_tx_plus_receipt_single_endpoint,bisection_and_announcement_union,announcement_log_only,Upgraded(address),etherscan_v2_verified_source,0xe5750e9acc0322eae552526478b90a1a762ea401bf9094ff36daa6d0e4669020,abi_identical_bodies_unreviewed,measured_2026_09_24_union_of_published_artifact_onchain_registry_and_chain_index,eip1967 implementation slot
CELO,42220,MentoUpgradeHelper,third_party_mento,published,0xc413cc6c58f0c290e89ddaec83c2590017985eb7,0xc413cc6c58f0c290e89ddaec83c2590017985eb7,ProtocolUpgradeV4Mento,1,1,31415775,9223372036854775807,true,31415775,explorer_index_and_state_read_agree,single_era_no_proxy_slot,contract_creation,none,etherscan_v2_verified_source,0xec07536d5a957fe23c6401f1d120012f7eec8637486054801d7915f025b2063b,abi_identical_bodies_unreviewed,measured_2026_09_24_union_of_published_artifact_onchain_registry_and_chain_index,plain contract. slots re-read at block 78286906
CELO,42220,MpbBridge,gooddollar_owned,published+registry,0xa3247276dbcc76dd7705273f766eb3e8a5ecf4a5,0x0000000000000000000000000000000000000000,uninitialised,1,7,21473545,21473546,false,21473545,explorer_index_and_state_read_agree,bisection_and_announcement_union,contract_creation,none,none,,"proxy_deployed_without_an_implementation: The implementation slot read zero from the creation block until the next boundary, so only the events of the proxy contract itself can occur in this window",measured_2026_09_24_union_of_published_artifact_onchain_registry_and_chain_index,eip1967 implementation slot
CELO,42220,MpbBridge,gooddollar_owned,published+registry,0xa3247276dbcc76dd7705273f766eb3e8a5ecf4a5,0xd0a3fad8d7887f8264414ddd3290ed1782fb4658,MessagePassingBridge,2,7,21473546,23063176,false,21473545,explorer_index_and_state_read_agree,bisection_and_announcement_union,slot_bisection_and_announcement_log,Upgraded(address),etherscan_v2_verified_source,0x3cf5b0c8c76f42b66f9fdea7cc3fa15f701f158458a5d0ed4e5a7966e5cbb891,abi_identical_bodies_unreviewed,measured_2026_09_24_union_of_published_artifact_onchain_registry_and_chain_index,eip1967 implementation slot
CELO,42220,MpbBridge,gooddollar_owned,published+registry,0xa3247276dbcc76dd7705273f766eb3e8a5ecf4a5,0x691de730d97d545c141d13ed5e9c12b7cb384a73,MessagePassingBridge,3,7,23063176,31525116,false,21473545,explorer_index_and_state_read_agree,bisection_and_announcement_union,slot_bisection_and_announcement_log,Upgraded(address),etherscan_v2_verified_source,0x61ac5f3f5751317589d19866c83ec842c45e2e38869f22973b935ed691ac8f88,abi_identical_bodies_unreviewed,measured_2026_09_24_union_of_published_artifact_onchain_registry_and_chain_index,eip1967 implementation slot
CELO,42220,MpbBridge,gooddollar_owned,published+registry,0xa3247276dbcc76dd7705273f766eb3e8a5ecf4a5,0x2537f22e7b2d5d14e7f571fa67fcd846d73317f6,MessagePassingBridge,4,7,31525116,50351048,false,21473545,explorer_index_and_state_read_agree,bisection_and_announcement_union,slot_bisection_and_announcement_log,Upgraded(address),etherscan_v2_verified_source,0xf73e0601329e2c0be422f8110b8d9e72950ec58d1a23d0aebf931dc07aa742f9,abi_identical_bodies_unreviewed,measured_2026_09_24_union_of_published_artifact_onchain_registry_and_chain_index,eip1967 implementation slot
CELO,42220,MpbBridge,gooddollar_owned,published+registry,0xa3247276dbcc76dd7705273f766eb3e8a5ecf4a5,0x7bdaf2fb332761b2a6a565a43ccb0acfc36d2c3d,MessagePassingBridge,5,7,50351048,52958251,false,21473545,explorer_index_and_state_read_agree,bisection_and_announcement_union,slot_bisection_and_announcement_log,Upgraded(address),etherscan_v2_verified_source,0x1624abfee3f1e647d995471b9cd0434db19d19df21e57b80046ae86f52c9df34,abi_identical_bodies_unreviewed,measured_2026_09_24_union_of_published_artifact_onchain_registry_and_chain_index,eip1967 implementation slot
CELO,42220,MpbBridge,gooddollar_owned,published+registry,0xa3247276dbcc76dd7705273f766eb3e8a5ecf4a5,0xf3eab7018d74e7df95a5d8dc70987c0539bdf48f,MessagePassingBridge,6,7,52958251,61416834,false,21473545,explorer_index_and_state_read_agree,bisection_and_announcement_union,slot_bisection_and_announcement_log,Upgraded(address),etherscan_v2_verified_source,0x7fd33bb337b7565f86a2f7099feb87a2b4f446b94151b7c68b4091eadfb0b369,abi_identical_bodies_unreviewed,measured_2026_09_24_union_of_published_artifact_onchain_registry_and_chain_index,eip1967 implementation slot
CELO,42220,MpbBridge,gooddollar_owned,published+registry,0xa3247276dbcc76dd7705273f766eb3e8a5ecf4a5,0x3edd30a1cd94dd6d3329b5ebaff5aa4e0a4e4a55,MessagePassingBridge,7,7,61416834,9223372036854775807,true,21473545,explorer_index_and_state_read_agree,bisection_and_announcement_union,slot_bisection_and_announcement_log,Upgraded(address),etherscan_v2_verified_source,0x29296c3a605737b0ad6dcd4b9040193cc76a01bf8488220f789e13219be9a5a5,abi_identical_bodies_unreviewed,measured_2026_09_24_union_of_published_artifact_onchain_registry_and_chain_index,eip1967 implementation slot
CELO,42220,MultichainRouter,third_party_infrastructure,published,0xf27ee99622c3c9b264583dacb2cce056e194494f,0xf27ee99622c3c9b264583dacb2cce056e194494f,AnyswapV3Router,1,1,10155435,9223372036854775807,true,10155435,explorer_index_and_state_read_agree,single_era_no_proxy_slot,contract_creation,none,etherscan_v2_verified_source,0xcd92052cccde60e3a65926c5a58ebf8ba7ddd85e99f8bd7af270fdec0a409495,abi_identical_bodies_unreviewed,measured_2026_09_24_union_of_published_artifact_onchain_registry_and_chain_index,plain contract. slots re-read at block 78286906
CELO,42220,NameService,gooddollar_owned,published,0x0f5db7a64a6a64052693676ca898ec7f7a94ff4e,0xed9c5987e7109bb43a8a1a40a726b275e4eb4ace,NameService,1,1,17237962,9223372036854775807,true,17237962,explorer_index_and_state_read_agree,bisection_and_announcement_union,announcement_log_only,Upgraded(address),etherscan_v2_verified_source,0x0b90907ca330b6cb3ee57cdba11984e10cd8e5e5f004a3284c246ff6ea90ceab,abi_identical_bodies_unreviewed,measured_2026_09_24_union_of_published_artifact_onchain_registry_and_chain_index,eip1967 implementation slot
CELO,42220,OneTimePayments,gooddollar_owned,published,0xb27d247f5c2a61d2cb6b6e67fee51d839447e97d,0xb27d247f5c2a61d2cb6b6e67fee51d839447e97d,OneTimePayments,1,1,18105474,9223372036854775807,true,18105474,explorer_index_and_state_read_agree,single_era_no_proxy_slot,contract_creation,none,etherscan_v2_verified_source,0xc7ffb78edacaf8c162f803f1d06d60a0f7959fef40e59c642134256cbe714fac,carried_from_seed: Not a proxy. EIP-1967 slot empty across all history. Single immutable era.,measured_2026_09_24_union_of_published_artifact_onchain_registry_and_chain_index,plain contract. slots re-read at block 78286906
CELO,42220,PoolGdCeloV2,third_party_dex_pool,discovered,0x25878951ae130014e827e6f54fd3b4cca057a7e8,0x25878951ae130014e827e6f54fd3b4cca057a7e8,UniswapV2Pair,1,1,17713819,9223372036854775807,true,17713819,explorer_index_and_state_read_agree,single_era_no_proxy_slot,contract_creation,none,etherscan_v2_verified_source,0xe0ce44f796f8c819bdba6334eb56f0ab6be2936af74486a2c2ccae17e0d17b1f,abi_identical_bodies_unreviewed,measured_2026_09_24_union_of_published_artifact_onchain_registry_and_chain_index,plain contract. slots re-read at block 78286906
CELO,42220,PoolGdCeloV3Hi,third_party_dex_pool,discovered,0xcb037f27eb3952222810966e28e0ceb650c65cd9,0xcb037f27eb3952222810966e28e0ceb650c65cd9,UniswapV3Pool,1,1,20750772,9223372036854775807,true,20750772,explorer_index_and_state_read_agree,single_era_no_proxy_slot,contract_creation,none,etherscan_v2_verified_source,0xb444db86df9a51d5ea46b9174dbbf339e48710745d888234840a9ce5679968ed,abi_identical_bodies_unreviewed,measured_2026_09_24_union_of_published_artifact_onchain_registry_and_chain_index,plain contract. slots re-read at block 78286906
CELO,42220,PoolGdCeloV3Mid,third_party_dex_pool,discovered,0x8b393470bef8bb27a9a5169531b4eba5209b0b26,0x8b393470bef8bb27a9a5169531b4eba5209b0b26,UniswapV3Pool,1,1,40596860,9223372036854775807,true,40596860,explorer_index_and_state_read_agree,single_era_no_proxy_slot,contract_creation,none,etherscan_v2_verified_source,0x84fe2b52e16ffad7d7e40b57117e8ee7ab3c7e4c3edb2acfc9a7dee556f25a47,abi_identical_bodies_unreviewed,measured_2026_09_24_union_of_published_artifact_onchain_registry_and_chain_index,plain contract. slots re-read at block 78286906
CELO,42220,PoolGdMcusdV2,third_party_dex_pool,discovered,0x07f86b39728be613062bc7413fc2ca7293eef022,0x07f86b39728be613062bc7413fc2ca7293eef022,UniswapV2Pair,1,1,17714580,9223372036854775807,true,17714580,explorer_index_and_state_read_agree,single_era_no_proxy_slot,contract_creation,none,etherscan_v2_verified_source,0xe0ce44f796f8c819bdba6334eb56f0ab6be2936af74486a2c2ccae17e0d17b1f,abi_identical_bodies_unreviewed,measured_2026_09_24_union_of_published_artifact_onchain_registry_and_chain_index,plain contract. slots re-read at block 78286906
CELO,42220,PoolGdUsdgloV3Hi,third_party_dex_pool,discovered,0x3d9e27c04076288ebfdc4815b4f6d81b0ed1b341,0x3d9e27c04076288ebfdc4815b4f6d81b0ed1b341,UniswapV3Pool,1,1,31680016,9223372036854775807,true,31680016,explorer_index_and_state_read_agree,single_era_no_proxy_slot,contract_creation,none,etherscan_v2_verified_source,0xced8cb884f76be736e2ac90f1bcc4eaadac233235a7da8dd813d9adbfeffbcce,abi_identical_bodies_unreviewed,measured_2026_09_24_union_of_published_artifact_onchain_registry_and_chain_index,plain contract. slots re-read at block 78286906
CELO,42220,PoolGdUsdgloV3Hi2,third_party_dex_pool,discovered,0x0dbb0769b00d01d241ba4f7b2891fb5c2a975d51,0x0dbb0769b00d01d241ba4f7b2891fb5c2a975d51,UniswapV3Pool,1,1,21818995,9223372036854775807,true,21818995,explorer_index_and_state_read_agree,single_era_no_proxy_slot,contract_creation,none,etherscan_v2_verified_source,0x81108761c6a03889b76abe78e2a059fa23bcdd3a028668984e17f95a5651e2f1,abi_identical_bodies_unreviewed,measured_2026_09_24_union_of_published_artifact_onchain_registry_and_chain_index,plain contract. slots re-read at block 78286906
CELO,42220,PoolGdUsdgloV3Low,third_party_dex_pool,discovered,0x991f1aa7e0901f9ab3d583846bf5be0ebace1d7f,0x991f1aa7e0901f9ab3d583846bf5be0ebace1d7f,UniswapV3Pool,1,1,21108554,9223372036854775807,true,21108554,explorer_index_and_state_read_agree,single_era_no_proxy_slot,contract_creation,none,etherscan_v2_verified_source,0x4571767e06d5040fa5e97ac1a4d2552c38d18a335a34e1f9315558f06a3bae3d,abi_identical_bodies_unreviewed,measured_2026_09_24_union_of_published_artifact_onchain_registry_and_chain_index,plain contract. slots re-read at block 78286906
CELO,42220,PoolGdUsdmV3,third_party_dex_pool,discovered,0x9491d57c5687ab75726423b55ac2d87d1cda2c3f,0x9491d57c5687ab75726423b55ac2d87d1cda2c3f,UniswapV3Pool,1,1,19916922,9223372036854775807,true,19916922,explorer_index_and_state_read_agree,single_era_no_proxy_slot,contract_creation,none,etherscan_v2_verified_source,0x98890919ba4af6d5acadd5f3bf6b6387333d595bf974ef93adfd993d79acf92c,abi_identical_bodies_unreviewed,measured_2026_09_24_union_of_published_artifact_onchain_registry_and_chain_index,plain contract. slots re-read at block 78286906
CELO,42220,ProxyFactory,gooddollar_owned,published,0xd86cd6bb3c2a576b2c2cef4e047b1a7adc5be62d,0xd86cd6bb3c2a576b2c2cef4e047b1a7adc5be62d,ProxyFactory1967,1,1,17237868,9223372036854775807,true,17237868,explorer_index_and_state_read_agree,single_era_no_proxy_slot,contract_creation,none,etherscan_v2_verified_source,0x7f63d978bb61348d9321e9e9a382a2f88679edb38c483385333d4dbb0760fea9,abi_identical_bodies_unreviewed,measured_2026_09_24_union_of_published_artifact_onchain_registry_and_chain_index,plain contract. slots re-read at block 78286906
CELO,42220,StaticOracle,third_party_infrastructure,published,0x00851a91a3c4e9a4c1b48df827bacc1f884bde28,0x00851a91a3c4e9a4c1b48df827bacc1f884bde28,StaticOracle,1,1,20262304,9223372036854775807,true,20262304,explorer_index_and_state_read_agree,single_era_no_proxy_slot,contract_creation,none,etherscan_v2_verified_source,0x86143ea0f1beb35753eec610670dc4ca6a7dc9924fba2f76851456201041c5e5,abi_identical_bodies_unreviewed,measured_2026_09_24_union_of_published_artifact_onchain_registry_and_chain_index,plain contract. slots re-read at block 78286906
CELO,42220,SuperfluidCFAv1,third_party_superfluid,discovered,0x9d369e78e1a682ce0f8d9ad849bea4fe1c3bd3ad,0x25cc912cc038f1791734f39ceb4d8bffb32c7c61,ConstantFlowAgreementV1,1,16,16393492,18349124,false,16393492,explorer_index_and_state_read_agree,bisection_and_announcement_union,contract_creation,none,etherscan_v2_verified_source,0x75e9777e4dc04eb4239f29c5d7f293dc476140250658aa342ae46dc5943dcaba,abi_identical_bodies_unreviewed,measured_2026_09_24_union_of_published_artifact_onchain_registry_and_chain_index,eip1967 implementation slot
CELO,42220,SuperfluidCFAv1,third_party_superfluid,discovered,0x9d369e78e1a682ce0f8d9ad849bea4fe1c3bd3ad,0xe40983c2476032a0915600b9472b3141aa5b5ba9,ConstantFlowAgreementV1,2,16,18349124,19952321,false,16393492,explorer_index_and_state_read_agree,bisection_and_announcement_union,slot_bisection_and_announcement_log,"CodeUpdated(bytes32,address)",etherscan_v2_verified_source,0x7d085cb6ac5adcabb2282b7790fd4b6ce42dba3bf82c7984db6c9a8ea98e611f,abi_identical_bodies_unreviewed,measured_2026_09_24_union_of_published_artifact_onchain_registry_and_chain_index,eip1967 implementation slot
CELO,42220,SuperfluidCFAv1,third_party_superfluid,discovered,0x9d369e78e1a682ce0f8d9ad849bea4fe1c3bd3ad,0x5f001c3915084186b9109fb9dc1e978c98f854b0,ConstantFlowAgreementV1,3,16,19952321,20091409,false,16393492,explorer_index_and_state_read_agree,bisection_and_announcement_union,slot_bisection_and_announcement_log,"CodeUpdated(bytes32,address)",etherscan_v2_verified_source,0xfd8e2cc384599300dce3e61069f0d2ce1313164acf549816f25fb59f548f543d,abi_identical_bodies_unreviewed,measured_2026_09_24_union_of_published_artifact_onchain_registry_and_chain_index,eip1967 implementation slot
CELO,42220,SuperfluidCFAv1,third_party_superfluid,discovered,0x9d369e78e1a682ce0f8d9ad849bea4fe1c3bd3ad,0x9f9eed9bbc38e9e0514fd9dfcc0bca9869a9c534,ConstantFlowAgreementV1,4,16,20091409,21146434,false,16393492,explorer_index_and_state_read_agree,bisection_and_announcement_union,slot_bisection_and_announcement_log,"CodeUpdated(bytes32,address)",etherscan_v2_verified_source,0x2ef2c7bfba9b8dca88af2515f2a4aa08cde06f64b0af0a15c90068db7f8c6d1c,abi_identical_bodies_unreviewed,measured_2026_09_24_union_of_published_artifact_onchain_registry_and_chain_index,eip1967 implementation slot
CELO,42220,SuperfluidCFAv1,third_party_superfluid,discovered,0x9d369e78e1a682ce0f8d9ad849bea4fe1c3bd3ad,0x4247ba6c3658fa5c0f523bacea8d0b97af1a175e,ConstantFlowAgreementV1,5,16,21146434,23701580,false,16393492,explorer_index_and_state_read_agree,bisection_and_announcement_union,slot_bisection_and_announcement_log,"CodeUpdated(bytes32,address)",etherscan_v2_verified_source,0x1c984c77810263353e0e29c4f8d46f24622b7bb0ed55499cc51aeae7c834554c,abi_identical_bodies_unreviewed,measured_2026_09_24_union_of_published_artifact_onchain_registry_and_chain_index,eip1967 implementation slot
CELO,42220,SuperfluidCFAv1,third_party_superfluid,discovered,0x9d369e78e1a682ce0f8d9ad849bea4fe1c3bd3ad,0xdf3f4b9e4e67a21c868d043a92ae921ff0ebadbb,ConstantFlowAgreementV1,6,16,23701580,24738429,false,16393492,explorer_index_and_state_read_agree,bisection_and_announcement_union,slot_bisection_and_announcement_log,"CodeUpdated(bytes32,address)",etherscan_v2_verified_source,0xbd691ecb50633ce343c9f1cd04c7789a1cbb1e075621e3209809c1482b3e78f3,abi_identical_bodies_unreviewed,measured_2026_09_24_union_of_published_artifact_onchain_registry_and_chain_index,eip1967 implementation slot
CELO,42220,SuperfluidCFAv1,third_party_superfluid,discovered,0x9d369e78e1a682ce0f8d9ad849bea4fe1c3bd3ad,0xe3f6ec0676b9ce5d759580e1d526dee31678c283,ConstantFlowAgreementV1,7,16,24738429,26706819,false,16393492,explorer_index_and_state_read_agree,bisection_and_announcement_union,slot_bisection_and_announcement_log,"CodeUpdated(bytes32,address)",etherscan_v2_verified_source,0x85d3c06af86a7ad69fb86b1dc069dcacff6cba81fdcce7fa857eae31d3fc31dc,abi_identical_bodies_unreviewed,measured_2026_09_24_union_of_published_artifact_onchain_registry_and_chain_index,eip1967 implementation slot
CELO,42220,SuperfluidCFAv1,third_party_superfluid,discovered,0x9d369e78e1a682ce0f8d9ad849bea4fe1c3bd3ad,0x247f65bd849d686147330978aa7521457c5a83bf,ConstantFlowAgreementV1,8,16,26706819,27058151,false,16393492,explorer_index_and_state_read_agree,bisection_and_announcement_union,slot_bisection_and_announcement_log,"CodeUpdated(bytes32,address)",etherscan_v2_verified_source,0x20b540bd27dd1019829f59165480a11522745d5fb13a6815102e65452d36236f,abi_identical_bodies_unreviewed,measured_2026_09_24_union_of_published_artifact_onchain_registry_and_chain_index,eip1967 implementation slot
CELO,42220,SuperfluidCFAv1,third_party_superfluid,discovered,0x9d369e78e1a682ce0f8d9ad849bea4fe1c3bd3ad,0x81398af97997f3973416d312939f790636719195,ConstantFlowAgreementV1,9,16,27058151,28853698,false,16393492,explorer_index_and_state_read_agree,bisection_and_announcement_union,slot_bisection_and_announcement_log,"CodeUpdated(bytes32,address)",etherscan_v2_verified_source,0x942776f307798a9174da8bc44d2dc4f24469b24ce6d3974e35f4280a7e88f846,abi_identical_bodies_unreviewed,measured_2026_09_24_union_of_published_artifact_onchain_registry_and_chain_index,eip1967 implementation slot
CELO,42220,SuperfluidCFAv1,third_party_superfluid,discovered,0x9d369e78e1a682ce0f8d9ad849bea4fe1c3bd3ad,0xf10e526e33f3f377e5b11d62e091fe3f4162a3d0,ConstantFlowAgreementV1,10,16,28853698,29627986,false,16393492,explorer_index_and_state_read_agree,bisection_and_announcement_union,slot_bisection_and_announcement_log,"CodeUpdated(bytes32,address)",blockscout_verified_source,0x0b9f6edffde404761e0993c5b1712631e782dd372af34820a9ea0dd95aed21ca,abi_identical_bodies_unreviewed,measured_2026_09_24_union_of_published_artifact_onchain_registry_and_chain_index,eip1967 implementation slot
CELO,42220,SuperfluidCFAv1,third_party_superfluid,discovered,0x9d369e78e1a682ce0f8d9ad849bea4fe1c3bd3ad,0x75e58f16f95ac530789d22e55713c9f8dc22444c,ConstantFlowAgreementV1,11,16,29627986,33928238,false,16393492,explorer_index_and_state_read_agree,bisection_and_announcement_union,slot_bisection_and_announcement_log,"CodeUpdated(bytes32,address)",etherscan_v2_verified_source,0xd4b756d9a39c0ac5df7daeda534d2ab144410bab2a665553566f0f2b7f9246fe,abi_identical_bodies_unreviewed,measured_2026_09_24_union_of_published_artifact_onchain_registry_and_chain_index,eip1967 implementation slot
CELO,42220,SuperfluidCFAv1,third_party_superfluid,discovered,0x9d369e78e1a682ce0f8d9ad849bea4fe1c3bd3ad,0x511cba3de92db7891967e21dbd7c4571531ab84b,ConstantFlowAgreementV1,12,16,33928238,39643668,false,16393492,explorer_index_and_state_read_agree,bisection_and_announcement_union,slot_bisection_and_announcement_log,"CodeUpdated(bytes32,address)",etherscan_v2_verified_source,0xb4e15d60d54a173a5cfe3820cb03c0f7ecb514f015a7ab934c6b76ab6849aeac,abi_identical_bodies_unreviewed,measured_2026_09_24_union_of_published_artifact_onchain_registry_and_chain_index,eip1967 implementation slot
CELO,42220,SuperfluidCFAv1,third_party_superfluid,discovered,0x9d369e78e1a682ce0f8d9ad849bea4fe1c3bd3ad,0xd571f5ec96a5b362d10615ff999f06fac4c9e141,ConstantFlowAgreementV1,13,16,39643668,52777129,false,16393492,explorer_index_and_state_read_agree,bisection_and_announcement_union,slot_bisection_and_announcement_log,"CodeUpdated(bytes32,address)",etherscan_v2_verified_source,0xacf7e26bc301a35fe1ba129370a5af1d3e8555c6610bc768c8f7183e3f18903a,abi_identical_bodies_unreviewed,measured_2026_09_24_union_of_published_artifact_onchain_registry_and_chain_index,eip1967 implementation slot
CELO,42220,SuperfluidCFAv1,third_party_superfluid,discovered,0x9d369e78e1a682ce0f8d9ad849bea4fe1c3bd3ad,0x57897b796ece6633fc7c0c6490b4eb84d58509e5,ConstantFlowAgreementV1,14,16,52777129,61309260,false,16393492,explorer_index_and_state_read_agree,bisection_and_announcement_union,slot_bisection_and_announcement_log,"CodeUpdated(bytes32,address)",etherscan_v2_verified_source,0xcc3e5b55fc44f61f11120b6ad3973f97782035b82eb55455a2589a2a37a4c623,abi_identical_bodies_unreviewed,measured_2026_09_24_union_of_published_artifact_onchain_registry_and_chain_index,eip1967 implementation slot
CELO,42220,SuperfluidCFAv1,third_party_superfluid,discovered,0x9d369e78e1a682ce0f8d9ad849bea4fe1c3bd3ad,0x7e115385bdbd12fb943a099320c41224b4fa96f4,ConstantFlowAgreementV1,15,16,61309260,74797088,false,16393492,explorer_index_and_state_read_agree,bisection_and_announcement_union,slot_bisection_and_announcement_log,"CodeUpdated(bytes32,address)",etherscan_v2_verified_source,0x938d286c9bc510c3815ee4df6bc0c94e47770008998c9c0c05f8f35c6ca0d4c1,abi_identical_bodies_unreviewed,measured_2026_09_24_union_of_published_artifact_onchain_registry_and_chain_index,eip1967 implementation slot
CELO,42220,SuperfluidCFAv1,third_party_superfluid,discovered,0x9d369e78e1a682ce0f8d9ad849bea4fe1c3bd3ad,0x88bb53dea50691cc41094cde84f88d6afb8ca499,ConstantFlowAgreementV1,16,16,74797088,9223372036854775807,true,16393492,explorer_index_and_state_read_agree,bisection_and_announcement_union,slot_bisection_and_announcement_log,"CodeUpdated(bytes32,address)",etherscan_v2_verified_source,0xfb234d8843f0d85344c9a28a31c61b75c71866116caed48021c0419b16be14ca,abi_identical_bodies_unreviewed,measured_2026_09_24_union_of_published_artifact_onchain_registry_and_chain_index,eip1967 implementation slot
CELO,42220,SuperfluidGDAv1,third_party_superfluid,discovered,0x308b7405272d11494716e30c6e972dbf6fb89555,0x7ffce315b2014546ba461d54eded7aac70df4f53,GeneralDistributionAgreementV1,1,14,23675300,23701580,false,23675300,explorer_index_and_state_read_agree,bisection_and_announcement_union,contract_creation,none,etherscan_v2_verified_source,0xb786d4ce6758e6e6e6c95c8f4dd32c3f605575b77a97d676cc77e0a357557ae6,abi_identical_bodies_unreviewed,measured_2026_09_24_union_of_published_artifact_onchain_registry_and_chain_index,eip1967 implementation slot
CELO,42220,SuperfluidGDAv1,third_party_superfluid,discovered,0x308b7405272d11494716e30c6e972dbf6fb89555,0x554a8acef6c689a74b25b1c41f58fa2e678162b5,GeneralDistributionAgreementV1,2,14,23701580,24738429,false,23675300,explorer_index_and_state_read_agree,bisection_and_announcement_union,slot_bisection_and_announcement_log,"CodeUpdated(bytes32,address)",etherscan_v2_verified_source,0x339ef1ccdc96ea6e5f945d0869f69e68d704e5aee4a3f0fb47e920233f2e58e2,abi_identical_bodies_unreviewed,measured_2026_09_24_union_of_published_artifact_onchain_registry_and_chain_index,eip1967 implementation slot
CELO,42220,SuperfluidGDAv1,third_party_superfluid,discovered,0x308b7405272d11494716e30c6e972dbf6fb89555,0xc70ce47df817f25bfbb4fb66fd42326ad306f27d,GeneralDistributionAgreementV1,3,14,24738429,26706819,false,23675300,explorer_index_and_state_read_agree,bisection_and_announcement_union,slot_bisection_and_announcement_log,"CodeUpdated(bytes32,address)",etherscan_v2_verified_source,0x2f10ed30f32aac01825d800417aa9a035350611a8846ab187ad2f5683030b04b,abi_identical_bodies_unreviewed,measured_2026_09_24_union_of_published_artifact_onchain_registry_and_chain_index,eip1967 implementation slot
CELO,42220,SuperfluidGDAv1,third_party_superfluid,discovered,0x308b7405272d11494716e30c6e972dbf6fb89555,0xab1286ab62d0dffd994f4b2d72b24eaa9e295562,GeneralDistributionAgreementV1,4,14,26706819,27058151,false,23675300,explorer_index_and_state_read_agree,bisection_and_announcement_union,slot_bisection_and_announcement_log,"CodeUpdated(bytes32,address)",etherscan_v2_verified_source,0x467730c607a2af26278920b99602bba2ae00fa99735aa8b92b7c31d4aeb1e01d,abi_identical_bodies_unreviewed,measured_2026_09_24_union_of_published_artifact_onchain_registry_and_chain_index,eip1967 implementation slot
CELO,42220,SuperfluidGDAv1,third_party_superfluid,discovered,0x308b7405272d11494716e30c6e972dbf6fb89555,0xe72830e7ebbff8ce0866059de83cacd4263acd08,GeneralDistributionAgreementV1,5,14,27058151,27279493,false,23675300,explorer_index_and_state_read_agree,bisection_and_announcement_union,slot_bisection_and_announcement_log,"CodeUpdated(bytes32,address)",etherscan_v2_verified_source,0x78428255afad1008379da37854d51a8c6be3020f156dcc65a2f150180332cb71,abi_identical_bodies_unreviewed,measured_2026_09_24_union_of_published_artifact_onchain_registry_and_chain_index,eip1967 implementation slot
CELO,42220,SuperfluidGDAv1,third_party_superfluid,discovered,0x308b7405272d11494716e30c6e972dbf6fb89555,0xb75bd19c682e62e6a0c35399bb3a2538fcc9cef6,GeneralDistributionAgreementV1,6,14,27279493,28853698,false,23675300,explorer_index_and_state_read_agree,bisection_and_announcement_union,slot_bisection_and_announcement_log,"CodeUpdated(bytes32,address)",etherscan_v2_verified_source,0x51a1f5d9659cf4db2e53be47120a0b772ad7156ff8cb7e2383659deeb66e9deb,abi_identical_bodies_unreviewed,measured_2026_09_24_union_of_published_artifact_onchain_registry_and_chain_index,eip1967 implementation slot
CELO,42220,SuperfluidGDAv1,third_party_superfluid,discovered,0x308b7405272d11494716e30c6e972dbf6fb89555,0x6fc99f5591b51583ba15a8c2572408257a1d2797,unknown,7,14,28853698,29627986,false,23675300,explorer_index_and_state_read_agree,bisection_and_announcement_union,announcement_log_only,"CodeUpdated(bytes32,address)",none,0x4f906e557ab9ee6a7b78ddfc34f24a3ac478263d6a6ee139c0a45c028dd762a4,"no_verified_abi: The event surface for this era is UNKNOWN, which is not the same as empty",measured_2026_09_24_union_of_published_artifact_onchain_registry_and_chain_index,eip1967 implementation slot
CELO,42220,SuperfluidGDAv1,third_party_superfluid,discovered,0x308b7405272d11494716e30c6e972dbf6fb89555,0xa0844efaf9a6803e9fa379ee59d44d3ef581ea3f,GeneralDistributionAgreementV1,8,14,29627986,33928238,false,23675300,explorer_index_and_state_read_agree,bisection_and_announcement_union,slot_bisection_and_announcement_log,"CodeUpdated(bytes32,address)",etherscan_v2_verified_source,0x3a8c483a4085356d3be9ba5fa9861d796479f2b012f1e6a6b4d59f1c20741303,abi_identical_bodies_unreviewed,measured_2026_09_24_union_of_published_artifact_onchain_registry_and_chain_index,eip1967 implementation slot
CELO,42220,SuperfluidGDAv1,third_party_superfluid,discovered,0x308b7405272d11494716e30c6e972dbf6fb89555,0xc8f6f1720e6266445b3b53b9b9870b25ade5154e,GeneralDistributionAgreementV1,9,14,33928238,39643668,false,23675300,explorer_index_and_state_read_agree,bisection_and_announcement_union,slot_bisection_and_announcement_log,"CodeUpdated(bytes32,address)",etherscan_v2_verified_source,0x6d6bcbc09347c139ac7030309ad6974266386ded295636658d837996e388cb56,abi_identical_bodies_unreviewed,measured_2026_09_24_union_of_published_artifact_onchain_registry_and_chain_index,eip1967 implementation slot
CELO,42220,SuperfluidGDAv1,third_party_superfluid,discovered,0x308b7405272d11494716e30c6e972dbf6fb89555,0x96c3c2d23d143301cf363a02cb7fe3596d2834d7,GeneralDistributionAgreementV1,10,14,39643668,44995009,false,23675300,explorer_index_and_state_read_agree,bisection_and_announcement_union,slot_bisection_and_announcement_log,"CodeUpdated(bytes32,address)",etherscan_v2_verified_source,0x2327ceb8850a68dabe52cebd96a38eb4f32cdec27395a3b52877751c3c2468d8,abi_identical_bodies_unreviewed,measured_2026_09_24_union_of_published_artifact_onchain_registry_and_chain_index,eip1967 implementation slot
CELO,42220,SuperfluidGDAv1,third_party_superfluid,discovered,0x308b7405272d11494716e30c6e972dbf6fb89555,0x4c78cad0cc7152fa8f64ce5298a2d5216c7e4d81,GeneralDistributionAgreementV1,11,14,44995009,52777129,false,23675300,explorer_index_and_state_read_agree,bisection_and_announcement_union,slot_bisection_and_announcement_log,"CodeUpdated(bytes32,address)",etherscan_v2_verified_source,0xead9a7e206538e62c0f6e4dd33621dc98ba53e3352e3214034d618bc44478abe,abi_identical_bodies_unreviewed,measured_2026_09_24_union_of_published_artifact_onchain_registry_and_chain_index,eip1967 implementation slot
CELO,42220,SuperfluidGDAv1,third_party_superfluid,discovered,0x308b7405272d11494716e30c6e972dbf6fb89555,0xa347bdc5965323f92ccd950a8b7012c0e438e178,GeneralDistributionAgreementV1,12,14,52777129,61309260,false,23675300,explorer_index_and_state_read_agree,bisection_and_announcement_union,slot_bisection_and_announcement_log,"CodeUpdated(bytes32,address)",etherscan_v2_verified_source,0x5a8b677cd86a18a93c7ae21271fd141fa249950147262c7da8088b683e28d3a0,abi_identical_bodies_unreviewed,measured_2026_09_24_union_of_published_artifact_onchain_registry_and_chain_index,eip1967 implementation slot
CELO,42220,SuperfluidGDAv1,third_party_superfluid,discovered,0x308b7405272d11494716e30c6e972dbf6fb89555,0x20dd21b94b88cbeee338c7ffd6124f716c0b54b2,GeneralDistributionAgreementV1,13,14,61309260,74797088,false,23675300,explorer_index_and_state_read_agree,bisection_and_announcement_union,slot_bisection_and_announcement_log,"CodeUpdated(bytes32,address)",etherscan_v2_verified_source,0xabe37902c5582ed6ca1fa60c4c6e6956d4abaa1c701b43c219536457fa63c893,abi_identical_bodies_unreviewed,measured_2026_09_24_union_of_published_artifact_onchain_registry_and_chain_index,eip1967 implementation slot
CELO,42220,SuperfluidGDAv1,third_party_superfluid,discovered,0x308b7405272d11494716e30c6e972dbf6fb89555,0x0fcddf2d5023219145e902cb3b0c44159ab59d61,GeneralDistributionAgreementV1,14,14,74797088,9223372036854775807,true,23675300,explorer_index_and_state_read_agree,bisection_and_announcement_union,slot_bisection_and_announcement_log,"CodeUpdated(bytes32,address)",etherscan_v2_verified_source,0x1638d7614afb64812742f4e5df6511885567ff68515e7e74a16416107afa670e,abi_identical_bodies_unreviewed,measured_2026_09_24_union_of_published_artifact_onchain_registry_and_chain_index,eip1967 implementation slot
CELO,42220,SuperfluidHost,third_party_superfluid,discovered,0xa4ff07cf81c02cfd356184879d953970ca957585,0x0000000000000000000000000000000000000000,uninitialised,1,20,16393469,16393473,false,16393469,explorer_index_and_state_read_agree,bisection_and_announcement_union,contract_creation,none,none,,"proxy_deployed_without_an_implementation: The implementation slot read zero from the creation block until the next boundary, so only the events of the proxy contract itself can occur in this window",measured_2026_09_24_union_of_published_artifact_onchain_registry_and_chain_index,eip1967 implementation slot
CELO,42220,SuperfluidHost,third_party_superfluid,discovered,0xa4ff07cf81c02cfd356184879d953970ca957585,0xf37a766fb6684fa86842f88380e786c2bd32ba4c,Superfluid,2,20,16393473,18349124,false,16393469,explorer_index_and_state_read_agree,bisection_and_announcement_union,slot_bisection_only,none,etherscan_v2_verified_source,0x191b0b9c7e52f28242fb40f248e987dc8aa98ee003548293837c02ac582c0fa7,abi_identical_bodies_unreviewed,measured_2026_09_24_union_of_published_artifact_onchain_registry_and_chain_index,eip1967 implementation slot
CELO,42220,SuperfluidHost,third_party_superfluid,discovered,0xa4ff07cf81c02cfd356184879d953970ca957585,0x109412e3c84f0539b43d39db691b08c90f58dc7c,Superfluid,3,20,18349124,19952321,false,16393469,explorer_index_and_state_read_agree,bisection_and_announcement_union,slot_bisection_and_announcement_log,"CodeUpdated(bytes32,address)",etherscan_v2_verified_source,0xbad743f142e85dab71de287f4efced306d2dd49c2522aa8e5937581d1fa2caea,abi_identical_bodies_unreviewed,measured_2026_09_24_union_of_published_artifact_onchain_registry_and_chain_index,eip1967 implementation slot
CELO,42220,SuperfluidHost,third_party_superfluid,discovered,0xa4ff07cf81c02cfd356184879d953970ca957585,0x15f0ca26781c3852f8166ed2ebce5d18265cceb7,Superfluid,4,20,19952321,20091409,false,16393469,explorer_index_and_state_read_agree,bisection_and_announcement_union,slot_bisection_and_announcement_log,"CodeUpdated(bytes32,address)",etherscan_v2_verified_source,0x79c0bf6cc0a97404a1ba4f04a21491ed3dd432ffd8c792578680a79363aa9030,abi_identical_bodies_unreviewed,measured_2026_09_24_union_of_published_artifact_onchain_registry_and_chain_index,eip1967 implementation slot
CELO,42220,SuperfluidHost,third_party_superfluid,discovered,0xa4ff07cf81c02cfd356184879d953970ca957585,0xe01f8743677da897f4e7de9073b57bf034fc2433,Superfluid,5,20,20091409,21146434,false,16393469,explorer_index_and_state_read_agree,bisection_and_announcement_union,slot_bisection_and_announcement_log,"CodeUpdated(bytes32,address)",etherscan_v2_verified_source,0xbe25805f704e9912841503d6f91e3570d8bf75dea127874a0afb35a0c0c566d0,abi_identical_bodies_unreviewed,measured_2026_09_24_union_of_published_artifact_onchain_registry_and_chain_index,eip1967 implementation slot
CELO,42220,SuperfluidHost,third_party_superfluid,discovered,0xa4ff07cf81c02cfd356184879d953970ca957585,0xb8f12031d79615f3faf6ec5f9795057e55e3069a,Superfluid,6,20,21146434,23701580,false,16393469,explorer_index_and_state_read_agree,bisection_and_announcement_union,slot_bisection_and_announcement_log,"CodeUpdated(bytes32,address)",etherscan_v2_verified_source,0xd402dc49770a98fa224b4f55fc6d7d6a937655d3c788084771133ebbaea954f5,abi_identical_bodies_unreviewed,measured_2026_09_24_union_of_published_artifact_onchain_registry_and_chain_index,eip1967 implementation slot
CELO,42220,SuperfluidHost,third_party_superfluid,discovered,0xa4ff07cf81c02cfd356184879d953970ca957585,0x143ea239159155b408e71cdbe836e8cfd6766732,Superfluid,7,20,23701580,24738429,false,16393469,explorer_index_and_state_read_agree,bisection_and_announcement_union,slot_bisection_and_announcement_log,"CodeUpdated(bytes32,address)",etherscan_v2_verified_source,0x7c07df056c3c6dab1e3fe96a6d7d8453b594969f72fa151a5c8b47063613532f,abi_identical_bodies_unreviewed,measured_2026_09_24_union_of_published_artifact_onchain_registry_and_chain_index,eip1967 implementation slot
CELO,42220,SuperfluidHost,third_party_superfluid,discovered,0xa4ff07cf81c02cfd356184879d953970ca957585,0xddc77ec35a571c98c7465b51f152e4888835bee6,Superfluid,8,20,24738429,26706819,false,16393469,explorer_index_and_state_read_agree,bisection_and_announcement_union,slot_bisection_and_announcement_log,"CodeUpdated(bytes32,address)",etherscan_v2_verified_source,0x57164c7f8472925746087e8db09c807893b00780c5a1c92c8faf1743b48977f8,abi_identical_bodies_unreviewed,measured_2026_09_24_union_of_published_artifact_onchain_registry_and_chain_index,eip1967 implementation slot
CELO,42220,SuperfluidHost,third_party_superfluid,discovered,0xa4ff07cf81c02cfd356184879d953970ca957585,0xcf3f4fa77f4427f6a1c1a96556194b40fc9dbf02,Superfluid,9,20,26706819,27058151,false,16393469,explorer_index_and_state_read_agree,bisection_and_announcement_union,slot_bisection_and_announcement_log,"CodeUpdated(bytes32,address)",etherscan_v2_verified_source,0x2878db05fa2818412b3dc91044e48209e42aed3f5912e5153ef076c953099914,abi_identical_bodies_unreviewed,measured_2026_09_24_union_of_published_artifact_onchain_registry_and_chain_index,eip1967 implementation slot
CELO,42220,SuperfluidHost,third_party_superfluid,discovered,0xa4ff07cf81c02cfd356184879d953970ca957585,0x78743a68d52c9d6ccf3ff4558f3af510592e3c2d,Superfluid,10,20,27058151,27279493,false,16393469,explorer_index_and_state_read_agree,bisection_and_announcement_union,slot_bisection_and_announcement_log,"CodeUpdated(bytes32,address)",etherscan_v2_verified_source,0x29b712122f26431d8f811f6b06e233dadd2e5efd3d1d73e693753da543178401,abi_identical_bodies_unreviewed,measured_2026_09_24_union_of_published_artifact_onchain_registry_and_chain_index,eip1967 implementation slot
CELO,42220,SuperfluidHost,third_party_superfluid,discovered,0xa4ff07cf81c02cfd356184879d953970ca957585,0x862f59081fc7907f940be4227b9f485d700e6cdd,Superfluid,11,20,27279493,28853698,false,16393469,explorer_index_and_state_read_agree,bisection_and_announcement_union,slot_bisection_and_announcement_log,"CodeUpdated(bytes32,address)",etherscan_v2_verified_source,0xbdd0248aee9f9d9cd42b1ec49b695e18234162ea5f5fd7f3bf3f2a1db1ea1d4c,abi_identical_bodies_unreviewed,measured_2026_09_24_union_of_published_artifact_onchain_registry_and_chain_index,eip1967 implementation slot
CELO,42220,SuperfluidHost,third_party_superfluid,discovered,0xa4ff07cf81c02cfd356184879d953970ca957585,0xae50ba6b0f7412dfd2061bfcd15c2d63f36af143,unknown,12,20,28853698,29627986,false,16393469,explorer_index_and_state_read_agree,bisection_and_announcement_union,slot_bisection_and_announcement_log,"CodeUpdated(bytes32,address)",none,0x5e9cb99ff4ba661eb86d8c7a44f90f36a2ad1fbeabd1769133e6d34c726fd95a,"no_verified_abi: The event surface for this era is UNKNOWN, which is not the same as empty",measured_2026_09_24_union_of_published_artifact_onchain_registry_and_chain_index,eip1967 implementation slot
CELO,42220,SuperfluidHost,third_party_superfluid,discovered,0xa4ff07cf81c02cfd356184879d953970ca957585,0xf26967f92151487f8c6642199c3441b02398d19e,Superfluid,13,20,29627986,33928238,false,16393469,explorer_index_and_state_read_agree,bisection_and_announcement_union,slot_bisection_and_announcement_log,"CodeUpdated(bytes32,address)",etherscan_v2_verified_source,0xd725780f0e452fc2e98ba0b229c1854c34e9882a5550c03501406c8fcc98f3d0,abi_identical_bodies_unreviewed,measured_2026_09_24_union_of_published_artifact_onchain_registry_and_chain_index,eip1967 implementation slot
CELO,42220,SuperfluidHost,third_party_superfluid,discovered,0xa4ff07cf81c02cfd356184879d953970ca957585,0x9a19773ebe33c5917012c2bb982bc683d91ec600,Superfluid,14,20,33928238,39643668,false,16393469,explorer_index_and_state_read_agree,bisection_and_announcement_union,slot_bisection_and_announcement_log,"CodeUpdated(bytes32,address)",etherscan_v2_verified_source,0x49e13d9d72661dfdb490a8a67c32fef72a7b212bdaaabf0c9cc231818377de45,abi_identical_bodies_unreviewed,measured_2026_09_24_union_of_published_artifact_onchain_registry_and_chain_index,eip1967 implementation slot
CELO,42220,SuperfluidHost,third_party_superfluid,discovered,0xa4ff07cf81c02cfd356184879d953970ca957585,0x97620d4d7950223963f00db25f12b4ac1d4eed99,Superfluid,15,20,39643668,44995009,false,16393469,explorer_index_and_state_read_agree,bisection_and_announcement_union,slot_bisection_and_announcement_log,"CodeUpdated(bytes32,address)",etherscan_v2_verified_source,0x271879ac911f8440a875974a04b54db30b8a5f63898975a041489de41f36554c,abi_identical_bodies_unreviewed,measured_2026_09_24_union_of_published_artifact_onchain_registry_and_chain_index,eip1967 implementation slot
CELO,42220,SuperfluidHost,third_party_superfluid,discovered,0xa4ff07cf81c02cfd356184879d953970ca957585,0x3b526b50709a5551030673be284bc9c1e38351ac,Superfluid,16,20,44995009,52777129,false,16393469,explorer_index_and_state_read_agree,bisection_and_announcement_union,slot_bisection_and_announcement_log,"CodeUpdated(bytes32,address)",etherscan_v2_verified_source,0x6f43af90345b70565298e49768034ab0ff782c995fd5fdb26c0871f6ded40fe1,abi_identical_bodies_unreviewed,measured_2026_09_24_union_of_published_artifact_onchain_registry_and_chain_index,eip1967 implementation slot
CELO,42220,SuperfluidHost,third_party_superfluid,discovered,0xa4ff07cf81c02cfd356184879d953970ca957585,0x8e03f0edb581e8b6aad80eece89b3028388f4b53,Superfluid,17,20,52777129,61309260,false,16393469,explorer_index_and_state_read_agree,bisection_and_announcement_union,slot_bisection_and_announcement_log,"CodeUpdated(bytes32,address)",etherscan_v2_verified_source,0x5f3453e79f1aaac3f7dfe0c14452701fd8f3501ec000334f70bc80f9e9dcbf7b,abi_identical_bodies_unreviewed,measured_2026_09_24_union_of_published_artifact_onchain_registry_and_chain_index,eip1967 implementation slot
CELO,42220,SuperfluidHost,third_party_superfluid,discovered,0xa4ff07cf81c02cfd356184879d953970ca957585,0xf17e88391b68c2a5972131f5044fd6ace665f221,Superfluid,18,20,61309260,74797088,false,16393469,explorer_index_and_state_read_agree,bisection_and_announcement_union,slot_bisection_and_announcement_log,"CodeUpdated(bytes32,address)",etherscan_v2_verified_source,0x19a7ec64380e14852eee8d4a0f7bdb4a15c98dd9e8359f42a0cc2316415b759e,abi_identical_bodies_unreviewed,measured_2026_09_24_union_of_published_artifact_onchain_registry_and_chain_index,eip1967 implementation slot
CELO,42220,SuperfluidHost,third_party_superfluid,discovered,0xa4ff07cf81c02cfd356184879d953970ca957585,0xc899724f32859e8169e607a23448e4b487b4dc04,Superfluid,19,20,74797088,76632579,false,16393469,explorer_index_and_state_read_agree,bisection_and_announcement_union,slot_bisection_and_announcement_log,"CodeUpdated(bytes32,address)",etherscan_v2_verified_source,0x61f96160837a684e3c8b66ebac18d6c0517947e8d3789d8833f567592d3ea40d,abi_identical_bodies_unreviewed,measured_2026_09_24_union_of_published_artifact_onchain_registry_and_chain_index,eip1967 implementation slot
CELO,42220,SuperfluidHost,third_party_superfluid,discovered,0xa4ff07cf81c02cfd356184879d953970ca957585,0x724676722b69b8b0e5fcf030de796047e771e5f9,unknown,20,20,76632579,9223372036854775807,true,16393469,explorer_index_and_state_read_agree,bisection_and_announcement_union,slot_bisection_and_announcement_log,"CodeUpdated(bytes32,address)",none,0xdb6e855c140ab4a6e967d9ddb3d022b5fb39cf6956ff6677bbddf9f7ef334e70,"no_verified_abi: The event surface for this era is UNKNOWN, which is not the same as empty",measured_2026_09_24_union_of_published_artifact_onchain_registry_and_chain_index,eip1967 implementation slot
CELO,42220,SuperfluidIDAv1,third_party_superfluid,discovered,0x26747fe93fac8bf28e1e24a558a2bc7e4d9846ca,0x7dc6b57adae1aaa94e01a3049cd42b8adce5090c,InstantDistributionAgreementV1,1,14,16393503,18349124,false,16393503,explorer_index_and_state_read_agree,bisection_and_announcement_union,contract_creation,none,etherscan_v2_verified_source,0x7423f597fdcfb7c349e024be728df2d0c05e3337e615808c64b8c0994ff66a5c,abi_identical_bodies_unreviewed,measured_2026_09_24_union_of_published_artifact_onchain_registry_and_chain_index,eip1967 implementation slot
CELO,42220,SuperfluidIDAv1,third_party_superfluid,discovered,0x26747fe93fac8bf28e1e24a558a2bc7e4d9846ca,0xd399e2fb5f4cf3722a11f65b88fab6b2b8621005,InstantDistributionAgreementV1,2,14,18349124,19952321,false,16393503,explorer_index_and_state_read_agree,bisection_and_announcement_union,slot_bisection_and_announcement_log,"CodeUpdated(bytes32,address)",etherscan_v2_verified_source,0x131499da5b515b0f696d9e320b87b3258838287f30bcde867d1648ba1bd83471,abi_identical_bodies_unreviewed,measured_2026_09_24_union_of_published_artifact_onchain_registry_and_chain_index,eip1967 implementation slot
CELO,42220,SuperfluidIDAv1,third_party_superfluid,discovered,0x26747fe93fac8bf28e1e24a558a2bc7e4d9846ca,0x507c3a7c6ccc253884a2e3a3ee2a211cc7e796a6,InstantDistributionAgreementV1,3,14,19952321,20091409,false,16393503,explorer_index_and_state_read_agree,bisection_and_announcement_union,slot_bisection_and_announcement_log,"CodeUpdated(bytes32,address)",etherscan_v2_verified_source,0x0103da8886a08479c1249b11691d702669168e2f64f65595db70270ee66859f0,abi_identical_bodies_unreviewed,measured_2026_09_24_union_of_published_artifact_onchain_registry_and_chain_index,eip1967 implementation slot
CELO,42220,SuperfluidIDAv1,third_party_superfluid,discovered,0x26747fe93fac8bf28e1e24a558a2bc7e4d9846ca,0x2622bfc83f429bf313341857850a1dde09685855,InstantDistributionAgreementV1,4,14,20091409,21146434,false,16393503,explorer_index_and_state_read_agree,bisection_and_announcement_union,slot_bisection_and_announcement_log,"CodeUpdated(bytes32,address)",etherscan_v2_verified_source,0x005ec5ffe135e03f2feacd794c02fe50aabc4dd3c572eb0dcc023023bb2a215f,abi_identical_bodies_unreviewed,measured_2026_09_24_union_of_published_artifact_onchain_registry_and_chain_index,eip1967 implementation slot
CELO,42220,SuperfluidIDAv1,third_party_superfluid,discovered,0x26747fe93fac8bf28e1e24a558a2bc7e4d9846ca,0xd48317ccdac2ca3fd5e3c58c32da3a7c517937b6,InstantDistributionAgreementV1,5,14,21146434,23701580,false,16393503,explorer_index_and_state_read_agree,bisection_and_announcement_union,slot_bisection_and_announcement_log,"CodeUpdated(bytes32,address)",etherscan_v2_verified_source,0x0799b7eb67f8bf5f1db451db0b501b02796bedddfe80efa2a991ff28f1a4df4c,abi_identical_bodies_unreviewed,measured_2026_09_24_union_of_published_artifact_onchain_registry_and_chain_index,eip1967 implementation slot
CELO,42220,SuperfluidIDAv1,third_party_superfluid,discovered,0x26747fe93fac8bf28e1e24a558a2bc7e4d9846ca,0xfb2b126660be2fdeba254b1f6e4348644e8482e7,InstantDistributionAgreementV1,6,14,23701580,24738429,false,16393503,explorer_index_and_state_read_agree,bisection_and_announcement_union,slot_bisection_and_announcement_log,"CodeUpdated(bytes32,address)",etherscan_v2_verified_source,0xfafd5fc7ae369d3fce5cc48edaa0de12d57761ce316328b0228d358d69b9ee65,abi_identical_bodies_unreviewed,measured_2026_09_24_union_of_published_artifact_onchain_registry_and_chain_index,eip1967 implementation slot
CELO,42220,SuperfluidIDAv1,third_party_superfluid,discovered,0x26747fe93fac8bf28e1e24a558a2bc7e4d9846ca,0x2e4861b1f56a67473b7bf0dd1ef85e9e9fa5ad75,InstantDistributionAgreementV1,7,14,24738429,26706819,false,16393503,explorer_index_and_state_read_agree,bisection_and_announcement_union,slot_bisection_and_announcement_log,"CodeUpdated(bytes32,address)",etherscan_v2_verified_source,0x3f185f2c62fd18472510fbb526fc17a7bf9b0da44f028195dacb1f1ad6b85e2c,abi_identical_bodies_unreviewed,measured_2026_09_24_union_of_published_artifact_onchain_registry_and_chain_index,eip1967 implementation slot
CELO,42220,SuperfluidIDAv1,third_party_superfluid,discovered,0x26747fe93fac8bf28e1e24a558a2bc7e4d9846ca,0x0de6448cc883168076f7b10449bc7024d42f7910,InstantDistributionAgreementV1,8,14,26706819,28853698,false,16393503,explorer_index_and_state_read_agree,bisection_and_announcement_union,slot_bisection_and_announcement_log,"CodeUpdated(bytes32,address)",etherscan_v2_verified_source,0xd1000660be8820603092f51c3c5435be3cc133c9f7a2e47a745fd159d4d45bc4,abi_identical_bodies_unreviewed,measured_2026_09_24_union_of_published_artifact_onchain_registry_and_chain_index,eip1967 implementation slot
CELO,42220,SuperfluidIDAv1,third_party_superfluid,discovered,0x26747fe93fac8bf28e1e24a558a2bc7e4d9846ca,0x466be9ef50dec3c22eaa4f070e9c9ceaaccd1e75,unknown,9,14,28853698,29627986,false,16393503,explorer_index_and_state_read_agree,bisection_and_announcement_union,slot_bisection_and_announcement_log,"CodeUpdated(bytes32,address)",none,0xb86b086999fdf33a2056b5fb2d92686006ff58f9d59216ad9ceea32e456af822,"no_verified_abi: The event surface for this era is UNKNOWN, which is not the same as empty",measured_2026_09_24_union_of_published_artifact_onchain_registry_and_chain_index,eip1967 implementation slot
CELO,42220,SuperfluidIDAv1,third_party_superfluid,discovered,0x26747fe93fac8bf28e1e24a558a2bc7e4d9846ca,0xb84c98d9b51d0e32114c60c500e17ea79dfd0daf,InstantDistributionAgreementV1,10,14,29627986,33928238,false,16393503,explorer_index_and_state_read_agree,bisection_and_announcement_union,slot_bisection_and_announcement_log,"CodeUpdated(bytes32,address)",etherscan_v2_verified_source,0x5144e6bd0aff5ec0dc215c75db7a2e5a6ea9539e21f10ac47bce49108c1f1798,abi_identical_bodies_unreviewed,measured_2026_09_24_union_of_published_artifact_onchain_registry_and_chain_index,eip1967 implementation slot
CELO,42220,SuperfluidIDAv1,third_party_superfluid,discovered,0x26747fe93fac8bf28e1e24a558a2bc7e4d9846ca,0xd59ba9a84fa02e3687bb0694e459b3c1d76586f9,InstantDistributionAgreementV1,11,14,33928238,39643668,false,16393503,explorer_index_and_state_read_agree,bisection_and_announcement_union,slot_bisection_and_announcement_log,"CodeUpdated(bytes32,address)",etherscan_v2_verified_source,0x4c0dce8901dea2158d8f1edcc42bc70261cce1f74e58f4f0ef5ca644a44427b6,abi_identical_bodies_unreviewed,measured_2026_09_24_union_of_published_artifact_onchain_registry_and_chain_index,eip1967 implementation slot
CELO,42220,SuperfluidIDAv1,third_party_superfluid,discovered,0x26747fe93fac8bf28e1e24a558a2bc7e4d9846ca,0xf0ec6a8842ca72aec8a4d4573e731242389e18a8,InstantDistributionAgreementV1,12,14,39643668,52777129,false,16393503,explorer_index_and_state_read_agree,bisection_and_announcement_union,slot_bisection_and_announcement_log,"CodeUpdated(bytes32,address)",etherscan_v2_verified_source,0x3b0de12889b24499a458af0c481b84c9a572276f46a6faf92f7a5e9de2107226,abi_identical_bodies_unreviewed,measured_2026_09_24_union_of_published_artifact_onchain_registry_and_chain_index,eip1967 implementation slot
CELO,42220,SuperfluidIDAv1,third_party_superfluid,discovered,0x26747fe93fac8bf28e1e24a558a2bc7e4d9846ca,0x1d38a1f81216b73c05a10eac5e84f566d4d9d8da,InstantDistributionAgreementV1,13,14,52777129,61309260,false,16393503,explorer_index_and_state_read_agree,bisection_and_announcement_union,slot_bisection_and_announcement_log,"CodeUpdated(bytes32,address)",etherscan_v2_verified_source,0xfb7ddd181f516de9d0f9448a3aa6faab8aaba0d4296d4df8793f1f09a9fb9d8f,abi_identical_bodies_unreviewed,measured_2026_09_24_union_of_published_artifact_onchain_registry_and_chain_index,eip1967 implementation slot
CELO,42220,SuperfluidIDAv1,third_party_superfluid,discovered,0x26747fe93fac8bf28e1e24a558a2bc7e4d9846ca,0x295cef78e76564b124b948a05dbd6522c3ec76b1,InstantDistributionAgreementV1,14,14,61309260,9223372036854775807,true,16393503,explorer_index_and_state_read_agree,bisection_and_announcement_union,slot_bisection_and_announcement_log,"CodeUpdated(bytes32,address)",etherscan_v2_verified_source,0x062b6f052bfc1eeb46d77828aecf61f2c118d08d8dbdd4bd6672e42f1fed0fbb,abi_identical_bodies_unreviewed,measured_2026_09_24_union_of_published_artifact_onchain_registry_and_chain_index,eip1967 implementation slot
CELO,42220,SwapHelper,gooddollar_owned,published,0xe45cab86609a16dfadec112fdd61e4ea80edaa8d,0xe45cab86609a16dfadec112fdd61e4ea80edaa8d,DexSwapHelper,1,1,18468536,9223372036854775807,true,18468536,explorer_index_and_state_read_agree,single_era_no_proxy_slot,contract_creation,none,etherscan_v2_verified_source,0x15ae5796a74f46cfb3b34a673823263ac0cbd3eb5bdb803a393516d0bc446375,abi_identical_bodies_unreviewed,measured_2026_09_24_union_of_published_artifact_onchain_registry_and_chain_index,plain contract. slots re-read at block 78286906
CELO,42220,UBIScheme,gooddollar_owned,published+registry,0x43d72ff17701b2da814620735c39c620ce0ea4a1,0xedbe438cd865992fdb72dd252e6055a71b02be72,UBIScheme,1,4,18006679,19276072,false,18006679,explorer_index_and_state_read_agree,bisection_and_announcement_union,announcement_log_only,Upgraded(address),etherscan_v2_verified_source,0x0e581bfc2fe31489ffb4c73916e5eb871089492aab7d977d80cd563d3011e236,abi_identical_bodies_unreviewed,measured_2026_09_24_union_of_published_artifact_onchain_registry_and_chain_index,eip1967 implementation slot
CELO,42220,UBIScheme,gooddollar_owned,published+registry,0x43d72ff17701b2da814620735c39c620ce0ea4a1,0x854f84ef0d9abc1e0afb4e96c962d5456b62214e,UBISchemeV2,2,4,19276072,23063176,false,18006679,explorer_index_and_state_read_agree,bisection_and_announcement_union,slot_bisection_and_announcement_log,Upgraded(address),etherscan_v2_verified_source,0xa218cc030a5bf302bd79f7c0814e7d03ba74606098b00733d9751be6af84dbb8,carried_from_seed: ActivatedUser InactiveUserFished and TotalFished REMOVED. They exist ONLY in blocks 18006679 to 19276071. Contract renamed UBIScheme to UBISchemeV2.,measured_2026_09_24_union_of_published_artifact_onchain_registry_and_chain_index,eip1967 implementation slot
CELO,42220,UBIScheme,gooddollar_owned,published+registry,0x43d72ff17701b2da814620735c39c620ce0ea4a1,0xe8fcbac4bd18f80301450e428518e9dedc183a26,UBISchemeV2,3,4,23063176,50351048,false,18006679,explorer_index_and_state_read_agree,bisection_and_announcement_union,slot_bisection_and_announcement_log,Upgraded(address),etherscan_v2_verified_source,0x3588b09013666a632da7bb2559251b2efb62086be858ddaf9a604eb4340542c4,abi_identical_bodies_unreviewed,measured_2026_09_24_union_of_published_artifact_onchain_registry_and_chain_index,eip1967 implementation slot
CELO,42220,UBIScheme,gooddollar_owned,published+registry,0x43d72ff17701b2da814620735c39c620ce0ea4a1,0x43f0eb66ea3c2d9552241525aa1af6607227dfbf,UBISchemeV2,4,4,50351048,9223372036854775807,true,18006679,explorer_index_and_state_read_agree,bisection_and_announcement_union,slot_bisection_and_announcement_log,Upgraded(address),etherscan_v2_verified_source,0xdb2d70994b744a419372a0526da1e3bbe069a59e7569a9f3c0965d85d1b60ecd,abi_identical_bodies_unreviewed,measured_2026_09_24_union_of_published_artifact_onchain_registry_and_chain_index,eip1967 implementation slot
CELO,42220,UniswapQouter,third_party_infrastructure,published,0x82825d0554fa07f7fc52ab63c961f330fdefa8e8,0x82825d0554fa07f7fc52ab63c961f330fdefa8e8,QuoterV2,1,1,13916379,9223372036854775807,true,13916379,explorer_index_and_state_read_agree,single_era_no_proxy_slot,contract_creation,none,etherscan_v2_verified_source,0x557b5bc80c7000c05bac66693aff2264927a0a22ea1f80d590449b52d515aa34,abi_identical_bodies_unreviewed,measured_2026_09_24_union_of_published_artifact_onchain_registry_and_chain_index,plain contract. slots re-read at block 78286906
CELO,42220,UniswapV2Factory,third_party_dex_factory,discovered,0x62d5b84be28a183abb507e125b384122d2c25fae,0x62d5b84be28a183abb507e125b384122d2c25fae,UniswapV2Factory,1,1,5272596,9223372036854775807,true,5272596,explorer_index_and_state_read_agree,single_era_no_proxy_slot,contract_creation,none,etherscan_v2_verified_source,0xdac4452e3e8e28193a714ff79e8268661235b1f73a3ccf61d85470d3ce89ed3b,abi_identical_bodies_unreviewed,measured_2026_09_24_union_of_published_artifact_onchain_registry_and_chain_index,plain contract. slots re-read at block 78286906
CELO,42220,UniswapV3Factory,third_party_dex_factory,discovered,0xafe208a311b21f13ef87e33a90049fc17a7acdec,0xafe208a311b21f13ef87e33a90049fc17a7acdec,UniswapV3Factory,1,1,13916355,9223372036854775807,true,13916355,explorer_index_and_state_read_agree,single_era_no_proxy_slot,contract_creation,none,etherscan_v2_verified_source,0x5960f2f785dd273f0eeb9624f32a9f93bd1560dc1335171d22411d48296d79b3,abi_identical_bodies_unreviewed,measured_2026_09_24_union_of_published_artifact_onchain_registry_and_chain_index,plain contract. slots re-read at block 78286906
CELO,42220,UniswapV3FactorySecond,third_party_dex_factory,discovered,0x67fea58d5a5a4162ced847e13c2c81c73bf8aec4,0x67fea58d5a5a4162ced847e13c2c81c73bf8aec4,UniswapV3Factory,1,1,25639915,9223372036854775807,true,25639915,explorer_index_and_state_read_agree,single_era_no_proxy_slot,contract_creation,none,etherscan_v2_verified_source,0xa99af02b020bfe03b92021add28ab8707c33a0d1887e01e67da39c5531fb9e85,abi_identical_bodies_unreviewed,measured_2026_09_24_union_of_published_artifact_onchain_registry_and_chain_index,plain contract. slots re-read at block 78286906
CELO,42220,UniswapV3Router,third_party_infrastructure,published,0x5615cdab10dc425a742d643d949a7f474c01abc4,0x5615cdab10dc425a742d643d949a7f474c01abc4,SwapRouter02,1,1,13916381,9223372036854775807,true,13916381,explorer_index_and_state_read_agree,single_era_no_proxy_slot,contract_creation,none,etherscan_v2_verified_source,0xec8b1d6527bdadca0f0158435b41f0a9518215005a39b1f286d6a3628b7f806c,abi_identical_bodies_unreviewed,measured_2026_09_24_union_of_published_artifact_onchain_registry_and_chain_index,plain contract. slots re-read at block 78286906
CELO,42220,UniswapV4PoolManager,third_party_dex_singleton,discovered,0x288dc841a52fca2707c6947b3a777c5e56cd87bc,0x288dc841a52fca2707c6947b3a777c5e56cd87bc,PoolManager,1,1,43985163,9223372036854775807,true,43985163,explorer_index_and_state_read_agree,single_era_no_proxy_slot,contract_creation,none,etherscan_v2_verified_source,0x3ed9587168a0fe70acc18971f52cba06f18bcd4b4b5ba2f0590b8c17b1c0cdca,abi_identical_bodies_unreviewed,measured_2026_09_24_union_of_published_artifact_onchain_registry_and_chain_index,plain contract. slots re-read at block 78286906
ETHEREUM,1,AaveStakingFactory,third_party_infrastructure,published,0xf4411c22766947db2da39ad534a040b770b51153,0xf4411c22766947db2da39ad534a040b770b51153,AaveStakingFactory,1,1,14338311,9223372036854775807,true,14338311,explorer_index_and_state_read_agree,single_era_no_proxy_slot,contract_creation,none,etherscan_v2_verified_source,0xe5c076c8e4675670baa06fb5f76fee3dc8ef6f48b7c7df96efe4790d773e1771,abi_identical_bodies_unreviewed,measured_2026_09_24_union_of_published_artifact_onchain_registry_and_chain_index,plain contract. slots re-read at block 26041882
ETHEREUM,1,AnyGoodDollar,gooddollar_owned,published,0xd17652350cfd2a37ba2f947c910987a3b1a1c60d,0xd17652350cfd2a37ba2f947c910987a3b1a1c60d,AnyswapV6ERC20,1,1,14809447,9223372036854775807,true,14809447,explorer_index_and_state_read_agree,single_era_no_proxy_slot,contract_creation,none,etherscan_v2_verified_source,0x48c30df8d84160f9085fffbc3ff8a72e42be14aca8ad94626249d836a1392565,abi_identical_bodies_unreviewed,measured_2026_09_24_union_of_published_artifact_onchain_registry_and_chain_index,plain contract. slots re-read at block 26041882
ETHEREUM,1,Avatar,gooddollar_owned,published+registry,0x1ecfd1afb601c406ff0e13c3485f2d75699b6817,0x1ecfd1afb601c406ff0e13c3485f2d75699b6817,Avatar,1,1,10561463,9223372036854775807,true,10561463,explorer_index_and_state_read_agree,single_era_no_proxy_slot,contract_creation,none,etherscan_v2_verified_source,0x8a27316984da83331e574723efd0810faf4d7065f3037b8778d9c572ea49c6d8,abi_identical_bodies_unreviewed,measured_2026_09_24_union_of_published_artifact_onchain_registry_and_chain_index,plain contract. slots re-read at block 26041882
ETHEREUM,1,BancorFormula,third_party_infrastructure,published+registry,0xa049894d5dcad406b7c827d6dc6a0b58ca4ae73a,0xa049894d5dcad406b7c827d6dc6a0b58ca4ae73a,BancorFormula,1,1,10566777,9223372036854775807,true,10566777,explorer_index_and_state_read_agree,single_era_no_proxy_slot,contract_creation,none,etherscan_v2_verified_source,0xd17f840b97128d5f5ecc258913b071648460f9c11298c00d21cb478907f2ac03,abi_identical_bodies_unreviewed,measured_2026_09_24_union_of_published_artifact_onchain_registry_and_chain_index,plain contract. slots re-read at block 26041882
ETHEREUM,1,cDAI,third_party_token,published+registry,0x5d3a536e4d6dbd6114cc1ead35777bab948e3643,0x5d3a536e4d6dbd6114cc1ead35777bab948e3643,CErc20Delegator,1,1,8983575,9223372036854775807,true,8983575,explorer_index_and_state_read_agree,single_era_no_proxy_slot,contract_creation,none,etherscan_v2_verified_source,0x3f1d4a4e2a03855c7ee8f6f2477c1245752a5ca3ef28d59e8fd509efe59ef877,abi_identical_bodies_unreviewed,measured_2026_09_24_union_of_published_artifact_onchain_registry_and_chain_index,plain contract. slots re-read at block 26041882
ETHEREUM,1,COMP,third_party_token,published+registry,0xc00e94cb662c3520282e6f5717214004a7f26888,0xc00e94cb662c3520282e6f5717214004a7f26888,Comp,1,1,9601359,9223372036854775807,true,9601359,explorer_index_and_state_read_agree,slots_unreadable,contract_creation,none,etherscan_v2_verified_source,0x9398f9b1f117941e8e25a4aff4d11754f48933cc3c08101975e3306e98d88c2a,abi_identical_bodies_unreviewed,measured_2026_09_24_union_of_published_artifact_onchain_registry_and_chain_index,proxy classification unresolved. slots re-read at block 26041882
ETHEREUM,1,CompoundStakingFactory,third_party_infrastructure,published,0x78cc5ab2f0990b5fe58f95baebf8f37879534aeb,0x78cc5ab2f0990b5fe58f95baebf8f37879534aeb,CompoundStakingFactory,1,1,14338308,9223372036854775807,true,14338308,explorer_index_and_state_read_agree,single_era_no_proxy_slot,contract_creation,none,etherscan_v2_verified_source,0x883ade859bcf2356e3b7cd3523018b571087dced077a1ed4ac45a4c96d8d3980,abi_identical_bodies_unreviewed,measured_2026_09_24_union_of_published_artifact_onchain_registry_and_chain_index,plain contract. slots re-read at block 26041882
ETHEREUM,1,CompoundVotingMachine,gooddollar_owned,published,0x57ee6ceff51cb30ecb1245934a882c500fbec1e9,0x92af163505c05d63a4f7478c01b9af9be369c143,CompoundVotingMachine,1,2,14380642,22165594,false,14380642,explorer_index_and_state_read_agree,bisection_and_announcement_union,announcement_log_only,Upgraded(address),etherscan_v2_verified_source,0x6eaae71845e0c65ee44592019c400d81c9ebca6b3a544cdc10368c6af43f4216,abi_identical_bodies_unreviewed,measured_2026_09_24_union_of_published_artifact_onchain_registry_and_chain_index,eip1967 implementation slot
ETHEREUM,1,CompoundVotingMachine,gooddollar_owned,published,0x57ee6ceff51cb30ecb1245934a882c500fbec1e9,0x807d0066d60a0a8312b6d191f60a6938a527e971,CompoundVotingMachine,2,2,22165594,9223372036854775807,true,14380642,explorer_index_and_state_read_agree,bisection_and_announcement_union,slot_bisection_and_announcement_log,Upgraded(address),etherscan_v2_verified_source,0x0d5e8f324a69af2b72f2d9e3266036966ba2bcfd2d594f82c28b0ab275d6d5ed,abi_identical_bodies_unreviewed,measured_2026_09_24_union_of_published_artifact_onchain_registry_and_chain_index,eip1967 implementation slot
ETHEREUM,1,Contribution,gooddollar_owned,published+registry,0x8eec64bb6807c0178f96277cce6a334b4e565e5c,0x8eec64bb6807c0178f96277cce6a334b4e565e5c,ContributionCalculation,1,1,10569456,9223372036854775807,true,10569456,explorer_index_and_state_read_agree,single_era_no_proxy_slot,contract_creation,none,etherscan_v2_verified_source,0x8afd3472b2ba7c9664301e1db0e1a4ff03e1d4abf7037870060aec9479e95d88,abi_identical_bodies_unreviewed,measured_2026_09_24_union_of_published_artifact_onchain_registry_and_chain_index,plain contract. slots re-read at block 26041882
ETHEREUM,1,Controller,gooddollar_owned,published+registry,0x95c0d9dcea1e243ed696f34cac5e6559c3c128a3,0x95c0d9dcea1e243ed696f34cac5e6559c3c128a3,Controller,1,1,10561463,9223372036854775807,true,10561463,explorer_index_and_state_read_agree,single_era_no_proxy_slot,contract_creation,none,etherscan_v2_verified_source,0x1cce4814ac502cec7e982e73d29bdc95e9094476ba971b6777f8abd4a415fc26,abi_identical_bodies_unreviewed,measured_2026_09_24_union_of_published_artifact_onchain_registry_and_chain_index,plain contract. slots re-read at block 26041882
ETHEREUM,1,DAI,third_party_token,published+registry,0x6b175474e89094c44da98b954eedeac495271d0f,0x6b175474e89094c44da98b954eedeac495271d0f,Dai,1,1,8928158,9223372036854775807,true,8928158,explorer_index_and_state_read_agree,single_era_no_proxy_slot,contract_creation,none,etherscan_v2_verified_source,0x4e36f96ee1667a663dfaac57c4d185a0e369a3a217e0079d49620f34f85d1ac7,abi_identical_bodies_unreviewed,measured_2026_09_24_union_of_published_artifact_onchain_registry_and_chain_index,plain contract. slots re-read at block 26041882
ETHEREUM,1,DAI_ETH_ORACLE,third_party_infrastructure,registry,0x773616e4d11a78f511299002da57a0a94577f1f4,0x773616e4d11a78f511299002da57a0a94577f1f4,EACAggregatorProxy,1,1,10606425,9223372036854775807,true,10606425,etherscan_v2_getcontractcreation,single_era_no_proxy_slot,contract_creation,none,etherscan_v2_verified_source,0x4b79b5c8aee6da0f7b393e8b53e6265ef7320a1d16184c65bd3841b5aa3d700d,abi_identical_bodies_unreviewed,measured_2026_09_24_union_of_published_artifact_onchain_registry_and_chain_index,plain contract. slots re-read at block 26041882
ETHEREUM,1,DistributionHelper,gooddollar_owned,published+registry,0xacada0c9795fdbb6921ae96c4d7db2f8b8c52fd0,0x42cda1bd60cc66ab2e2411e8c93db436c8a27060,DistributionHelper,1,5,16167621,17661435,false,16167621,explorer_index_and_state_read_agree,bisection_and_announcement_union,announcement_log_only,Upgraded(address),etherscan_v2_verified_source,0x15354959eb9bdda169ce6b338a64f4949ca5fd2fc4fa790fc506f7b62f221520,abi_identical_bodies_unreviewed,measured_2026_09_24_union_of_published_artifact_onchain_registry_and_chain_index,eip1967 implementation slot
ETHEREUM,1,DistributionHelper,gooddollar_owned,published+registry,0xacada0c9795fdbb6921ae96c4d7db2f8b8c52fd0,0x16171d113d9592b77cec52b8cc4bdd6f5810daef,DistributionHelper,2,5,17661435,18190480,false,16167621,explorer_index_and_state_read_agree,bisection_and_announcement_union,slot_bisection_and_announcement_log,Upgraded(address),etherscan_v2_verified_source,0xf80378215ded3a92155f1331c852040bbabb670f2aa13da253d5af430ab7082d,abi_identical_bodies_unreviewed,measured_2026_09_24_union_of_published_artifact_onchain_registry_and_chain_index,eip1967 implementation slot
ETHEREUM,1,DistributionHelper,gooddollar_owned,published+registry,0xacada0c9795fdbb6921ae96c4d7db2f8b8c52fd0,0x80fbdcf20af77d7dcb21d7104faddbc5d8bd83eb,DistributionHelper,3,5,18190480,18719715,false,16167621,explorer_index_and_state_read_agree,bisection_and_announcement_union,slot_bisection_and_announcement_log,Upgraded(address),etherscan_v2_verified_source,0xb95001d06c848c5680808debf2aba0ed20f162ec873722d17784acf0aeb7acdc,abi_identical_bodies_unreviewed,measured_2026_09_24_union_of_published_artifact_onchain_registry_and_chain_index,eip1967 implementation slot
ETHEREUM,1,DistributionHelper,gooddollar_owned,published+registry,0xacada0c9795fdbb6921ae96c4d7db2f8b8c52fd0,0xa339b7f4e95a93d2c6569cb139ad034c3b9caa77,DistributionHelper,4,5,18719715,22165594,false,16167621,explorer_index_and_state_read_agree,bisection_and_announcement_union,slot_bisection_and_announcement_log,Upgraded(address),etherscan_v2_verified_source,0x6b215c6b5d9777cc6f1f5f2130a9b2c9fe16e933e18b076243e9181c446921f1,abi_identical_bodies_unreviewed,measured_2026_09_24_union_of_published_artifact_onchain_registry_and_chain_index,eip1967 implementation slot
ETHEREUM,1,DistributionHelper,gooddollar_owned,published+registry,0xacada0c9795fdbb6921ae96c4d7db2f8b8c52fd0,0xae2cd2a9513215961d344a2581dcab678598eedf,DistributionHelper,5,5,22165594,9223372036854775807,true,16167621,explorer_index_and_state_read_agree,bisection_and_announcement_union,slot_bisection_and_announcement_log,Upgraded(address),etherscan_v2_verified_source,0xc3767b93a60456d6aa441ce3d8b319a5e479d9bde160f4dc87bedfc70558f73f,abi_identical_bodies_unreviewed,measured_2026_09_24_union_of_published_artifact_onchain_registry_and_chain_index,eip1967 implementation slot
ETHEREUM,1,ETH_USD_ORACLE,third_party_infrastructure,registry,0x5f4ec3df9cbd43714fe2740f5e3616155c5b8419,0x5f4ec3df9cbd43714fe2740f5e3616155c5b8419,EACAggregatorProxy,1,1,10606501,9223372036854775807,true,10606501,etherscan_v2_getcontractcreation,single_era_no_proxy_slot,contract_creation,none,etherscan_v2_verified_source,0x4b79b5c8aee6da0f7b393e8b53e6265ef7320a1d16184c65bd3841b5aa3d700d,abi_identical_bodies_unreviewed,measured_2026_09_24_union_of_published_artifact_onchain_registry_and_chain_index,plain contract. slots re-read at block 26041882
ETHEREUM,1,ExchangeHelper,gooddollar_owned,published+registry,0x98fa532dd5c3a6b66fbf370813803192de4e0abd,0xbebbd9538d594619d36d48666e12d8c9f8372736,ExchangeHelper,1,2,14296277,22165594,false,14296277,explorer_index_and_state_read_agree,bisection_and_announcement_union,announcement_log_only,Upgraded(address),etherscan_v2_verified_source,0x26322c949531dde942496f5930d4820de88a98c486980fc5f4f43cbe5ea5a594,abi_identical_bodies_unreviewed,measured_2026_09_24_union_of_published_artifact_onchain_registry_and_chain_index,eip1967 implementation slot
ETHEREUM,1,ExchangeHelper,gooddollar_owned,published+registry,0x98fa532dd5c3a6b66fbf370813803192de4e0abd,0x24614ad257f4d09fccaec024c65c40c060e73e9d,ExchangeHelper,2,2,22165594,9223372036854775807,true,14296277,explorer_index_and_state_read_agree,bisection_and_announcement_union,slot_bisection_and_announcement_log,Upgraded(address),etherscan_v2_verified_source,0xcbdb11d6fd35031a639ffb1834cbce6879073b685912f740dd2a9b4ada1dd2b8,abi_identical_bodies_unreviewed,measured_2026_09_24_union_of_published_artifact_onchain_registry_and_chain_index,eip1967 implementation slot
ETHEREUM,1,ForeignBridge,gooddollar_owned,published+registry,0xd5d11ee582c8931f336fbcd135e98cee4db8ccb0,0xd5d11ee582c8931f336fbcd135e98cee4db8ccb0,EternalStorageProxy,1,1,11238178,9223372036854775807,true,11238178,explorer_index_and_state_read_agree,single_era_no_proxy_slot,contract_creation,none,etherscan_v2_verified_source,0x2d05a6bd0ad793d9459975bf7760dcbfefa24baf8c7f70efa4aab6b52db668bb,abi_identical_bodies_unreviewed,measured_2026_09_24_union_of_published_artifact_onchain_registry_and_chain_index,plain contract. slots re-read at block 26041882
ETHEREUM,1,GAS_PRICE_ORACLE,third_party_infrastructure,registry,0x169e633a2d1e6c10dd91238ba11c4a708dfef37c,0x169e633a2d1e6c10dd91238ba11c4a708dfef37c,EACAggregatorProxy,1,1,10606498,9223372036854775807,true,10606498,etherscan_v2_getcontractcreation,single_era_no_proxy_slot,contract_creation,none,etherscan_v2_verified_source,0x4b79b5c8aee6da0f7b393e8b53e6265ef7320a1d16184c65bd3841b5aa3d700d,abi_identical_bodies_unreviewed,measured_2026_09_24_union_of_published_artifact_onchain_registry_and_chain_index,plain contract. slots re-read at block 26041882
ETHEREUM,1,GoodDollar,gooddollar_owned,published+registry,0x67c5870b4a41d4ebef24d2456547a03f1f3e094b,0x67c5870b4a41d4ebef24d2456547a03f1f3e094b,GoodDollar,1,1,10561463,9223372036854775807,true,10561463,explorer_index_and_state_read_agree,single_era_no_proxy_slot,contract_creation,none,etherscan_v2_verified_source,0x554945bfa422af5800554ef7b37f229465f13208db908d482249f1dd9803a3c0,abi_identical_bodies_unreviewed,measured_2026_09_24_union_of_published_artifact_onchain_registry_and_chain_index,plain contract. slots re-read at block 26041882
ETHEREUM,1,GoodFundManager,gooddollar_owned,published+registry,0x0c6c80d2061afa35e160f3799411d83bdeea0a5a,0x4a10354b8e1928c38cc6a738cd2748fa1c818cea,GoodFundManager,1,4,14338654,16240765,false,14338654,explorer_index_and_state_read_agree,bisection_and_announcement_union,announcement_log_only,Upgraded(address),etherscan_v2_verified_source,0xbb78513636d0bcb8076eb8dded78b38961998755abb5d65b2b29b04109c8135b,abi_identical_bodies_unreviewed,measured_2026_09_24_union_of_published_artifact_onchain_registry_and_chain_index,eip1967 implementation slot
ETHEREUM,1,GoodFundManager,gooddollar_owned,published+registry,0x0c6c80d2061afa35e160f3799411d83bdeea0a5a,0x53b3c6b18a03a9a0c3487cf1230eea1eb9a38a0a,GoodFundManager,2,4,16240765,18190480,false,14338654,explorer_index_and_state_read_agree,bisection_and_announcement_union,slot_bisection_and_announcement_log,Upgraded(address),etherscan_v2_verified_source,0x3069da8e333310c4eee88b81b810e14ededc06f5904a64dd8198129ae82eb4d4,abi_identical_bodies_unreviewed,measured_2026_09_24_union_of_published_artifact_onchain_registry_and_chain_index,eip1967 implementation slot
ETHEREUM,1,GoodFundManager,gooddollar_owned,published+registry,0x0c6c80d2061afa35e160f3799411d83bdeea0a5a,0x4a37a8d7cdb43d89b4dbd7ecfaeaf9bd39e24929,GoodFundManager,3,4,18190480,22165594,false,14338654,explorer_index_and_state_read_agree,bisection_and_announcement_union,slot_bisection_and_announcement_log,Upgraded(address),etherscan_v2_verified_source,0x1603edb57ff936d52c7ff4f3696a591f39bf8b46b8e93cf5591de63473bf48ba,abi_identical_bodies_unreviewed,measured_2026_09_24_union_of_published_artifact_onchain_registry_and_chain_index,eip1967 implementation slot
ETHEREUM,1,GoodFundManager,gooddollar_owned,published+registry,0x0c6c80d2061afa35e160f3799411d83bdeea0a5a,0xaacbaab8571cbeceb46ba85b5981efdb8928545e,GoodFundManager,4,4,22165594,9223372036854775807,true,14338654,explorer_index_and_state_read_agree,bisection_and_announcement_union,slot_bisection_and_announcement_log,Upgraded(address),etherscan_v2_verified_source,0x80dcb898400e373e62b938941ea18dba14b621a35ec858897bdee60bb21a5b64,abi_identical_bodies_unreviewed,measured_2026_09_24_union_of_published_artifact_onchain_registry_and_chain_index,eip1967 implementation slot
ETHEREUM,1,GoodMarketMaker,gooddollar_owned,published+registry,0xdac6a0c973ba7cf3526de456affa43ab421f659f,0xb3ff03c8a42506ba58b1127cd4b5928c7ed70a03,GoodMarketMaker,1,2,14296152,22165594,false,14296152,explorer_index_and_state_read_agree,bisection_and_announcement_union,announcement_log_only,Upgraded(address),etherscan_v2_verified_source,0x3ed7a72aaa5e00bea85f4c5a6b7cefc973c2e1e7a42754ed1812b5fa735ed268,abi_identical_bodies_unreviewed,measured_2026_09_24_union_of_published_artifact_onchain_registry_and_chain_index,eip1967 implementation slot
ETHEREUM,1,GoodMarketMaker,gooddollar_owned,published+registry,0xdac6a0c973ba7cf3526de456affa43ab421f659f,0x8520633e40574e9550f6a0436b0f8d56f3b99bd0,GoodMarketMaker,2,2,22165594,9223372036854775807,true,14296152,explorer_index_and_state_read_agree,bisection_and_announcement_union,slot_bisection_and_announcement_log,Upgraded(address),etherscan_v2_verified_source,0xfdd8235cfa88eea23f3dba545fdf43e6c4cf831b3dea3e2331c60606eaf380d1,abi_identical_bodies_unreviewed,measured_2026_09_24_union_of_published_artifact_onchain_registry_and_chain_index,eip1967 implementation slot
ETHEREUM,1,GoodReserveCDai,gooddollar_owned,published+registry,0xa150a825d425b36329d8294eef8bd0fe68f8f6e0,0x865193da25c4fe135421fca78d2bd061b6efd744,GoodReserveCDai,1,4,14296271,16174339,false,14296271,explorer_index_and_state_read_agree,bisection_and_announcement_union,announcement_log_only,Upgraded(address),etherscan_v2_verified_source,0xb04200c786691948f77f0a7be422af88e22b5a424ee637df3f722a6e45a9de10,abi_identical_bodies_unreviewed,measured_2026_09_24_union_of_published_artifact_onchain_registry_and_chain_index,eip1967 implementation slot. slots re-read at block 26041882
ETHEREUM,1,GoodReserveCDai,gooddollar_owned,published+registry,0xa150a825d425b36329d8294eef8bd0fe68f8f6e0,0x6e1c3f516ffd14852f9b25f21af13b6ce98dace5,GoodReserveCDai,2,4,16174339,18190480,false,14296271,explorer_index_and_state_read_agree,bisection_and_announcement_union,slot_bisection_and_announcement_log,Upgraded(address),etherscan_v2_verified_source,0xa6ee500bfe454a9e75a1741294ee0b7729c3f510b5022de40246caa38c53a2cc,abi_identical_bodies_unreviewed,measured_2026_09_24_union_of_published_artifact_onchain_registry_and_chain_index,eip1967 implementation slot. slots re-read at block 26041882
ETHEREUM,1,GoodReserveCDai,gooddollar_owned,published+registry,0xa150a825d425b36329d8294eef8bd0fe68f8f6e0,0x2793a5887f53b025f49f7a9249d66f4671bce29b,GoodReserveCDai,3,4,18190480,22165594,false,14296271,explorer_index_and_state_read_agree,bisection_and_announcement_union,slot_bisection_and_announcement_log,Upgraded(address),etherscan_v2_verified_source,0x2befbf5a304c75892209914c0a756d8c1c8bf82dd6508e3656eba753d100ad1f,abi_identical_bodies_unreviewed,measured_2026_09_24_union_of_published_artifact_onchain_registry_and_chain_index,eip1967 implementation slot. slots re-read at block 26041882
ETHEREUM,1,GoodReserveCDai,gooddollar_owned,published+registry,0xa150a825d425b36329d8294eef8bd0fe68f8f6e0,0x18bcdf79a724648bf34eb06701be81bd072a2384,GoodReserveCDai,4,4,22165594,9223372036854775807,true,14296271,explorer_index_and_state_read_agree,bisection_and_announcement_union,announcement_log_only,Upgraded(address),etherscan_v2_verified_source,0x43410466ac894d865cff8f6bbeaf0ede8804ae379f6260a2cd7c8ea0ac9ddc05,abi_identical_bodies_unreviewed,measured_2026_09_24_union_of_published_artifact_onchain_registry_and_chain_index,eip1967 implementation slot. slots re-read at block 26041882
ETHEREUM,1,GReputation,gooddollar_owned,published+registry,0x603b8c0f110e037b51a381cbcacabb8d6c6e4543,0x0a5dcf330ba39434dbda59b982a3dd09759cc788,GReputation,1,3,14344739,14352686,false,14344739,etherscan_v2_getcontractcreation,bisection_and_announcement_union,announcement_log_only,Upgraded(address),etherscan_v2_verified_source,0x824339abb39e2b39cb85a8e45048c2eb366c9110a4918c2ea2d1f102f0354367,abi_identical_bodies_unreviewed,measured_2026_09_24_union_of_published_artifact_onchain_registry_and_chain_index,eip1967 implementation slot
ETHEREUM,1,GReputation,gooddollar_owned,published+registry,0x603b8c0f110e037b51a381cbcacabb8d6c6e4543,0x438eb12a081041b525731c34086de3ed31658dee,GReputation,2,3,14352686,16885600,false,14344739,etherscan_v2_getcontractcreation,bisection_and_announcement_union,slot_bisection_and_announcement_log,Upgraded(address),etherscan_v2_verified_source,0x40781353ff48e1d9fe0feada2bf9c447956538f67d1b9a2f0d72d7c1fe8cc7be,abi_identical_bodies_unreviewed,measured_2026_09_24_union_of_published_artifact_onchain_registry_and_chain_index,eip1967 implementation slot
ETHEREUM,1,GReputation,gooddollar_owned,published+registry,0x603b8c0f110e037b51a381cbcacabb8d6c6e4543,0x634e25b6ffde325d5beb8c6c2d8af6d543b6ff7f,GReputation,3,3,16885600,9223372036854775807,true,14344739,etherscan_v2_getcontractcreation,bisection_and_announcement_union,slot_bisection_and_announcement_log,Upgraded(address),etherscan_v2_verified_source,0x0b6ff946fd1ad1ebc33dd134a57713419b8ac0fdecbd56db74ffcf6266909cc5,abi_identical_bodies_unreviewed,measured_2026_09_24_union_of_published_artifact_onchain_registry_and_chain_index,eip1967 implementation slot
ETHEREUM,1,GuardiansSafe,gooddollar_owned_safe,published,0xe0c5daa7cc6f88d29505f702a53bb5e67600e7ec,0xe0c5daa7cc6f88d29505f702a53bb5e67600e7ec,GnosisSafeProxy,1,1,16060725,9223372036854775807,true,16060725,etherscan_v2_getcontractcreation,single_era_no_proxy_slot,contract_creation,none,etherscan_v2_verified_source,0xb89c1b3bdf2cf8827818646bce9a8f6e372885f8c55e5c07acbd307cb133b000,abi_identical_bodies_unreviewed,measured_2026_09_24_union_of_published_artifact_onchain_registry_and_chain_index,plain contract. slots re-read at block 26041882
ETHEREUM,1,Identity,gooddollar_owned,published+registry,0x76e76e10ac308a1d54a00f9df27edce4801f288b,0x76e76e10ac308a1d54a00f9df27edce4801f288b,Identity,1,1,10561341,9223372036854775807,true,10561341,etherscan_v2_getcontractcreation,single_era_no_proxy_slot,contract_creation,none,etherscan_v2_verified_source,0x83c740a8ac588a566556553a334afdfded5add581f27efc0215d3ccfd842eaad,abi_identical_bodies_unreviewed,measured_2026_09_24_union_of_published_artifact_onchain_registry_and_chain_index,plain contract. slots re-read at block 26041882
ETHEREUM,1,MpbBridge,gooddollar_owned,published+registry,0xa3247276dbcc76dd7705273f766eb3e8a5ecf4a5,0x0000000000000000000000000000000000000000,uninitialised,1,5,18162554,18162562,false,18162554,etherscan_v2_getcontractcreation,bisection_and_announcement_union,contract_creation,none,none,,"proxy_deployed_without_an_implementation: The implementation slot read zero from the creation block until the next boundary, so only the events of the proxy contract itself can occur in this window",measured_2026_09_24_union_of_published_artifact_onchain_registry_and_chain_index,eip1967 implementation slot
ETHEREUM,1,MpbBridge,gooddollar_owned,published+registry,0xa3247276dbcc76dd7705273f766eb3e8a5ecf4a5,0xf19fb90fa4ddb67c330b41ad4d64ef75b9d8cd33,MessagePassingBridge,2,5,18162562,22165594,false,18162554,etherscan_v2_getcontractcreation,bisection_and_announcement_union,slot_bisection_and_announcement_log,Upgraded(address),etherscan_v2_verified_source,0x2e5d3e54855f5864dc7e6abf562989a74a3fc1e020b976c592a79a7b2da9c408,abi_identical_bodies_unreviewed,measured_2026_09_24_union_of_published_artifact_onchain_registry_and_chain_index,eip1967 implementation slot
ETHEREUM,1,MpbBridge,gooddollar_owned,published+registry,0xa3247276dbcc76dd7705273f766eb3e8a5ecf4a5,0x618fae127b803eabf72f9e86a88a7505eebf218a,MessagePassingBridge,3,5,22165594,23940256,false,18162554,etherscan_v2_getcontractcreation,bisection_and_announcement_union,slot_bisection_and_announcement_log,Upgraded(address),etherscan_v2_verified_source,0xf89052533300161b0a7d20c5eb600d0850f5c95fb48f1e2727825b231cd1b0aa,abi_identical_bodies_unreviewed,measured_2026_09_24_union_of_published_artifact_onchain_registry_and_chain_index,eip1967 implementation slot
ETHEREUM,1,MpbBridge,gooddollar_owned,published+registry,0xa3247276dbcc76dd7705273f766eb3e8a5ecf4a5,0x12ab702f015d3302f3cc0c4aba0626a127d06a07,MessagePassingBridge,4,5,23940256,24641278,false,18162554,etherscan_v2_getcontractcreation,bisection_and_announcement_union,slot_bisection_and_announcement_log,Upgraded(address),etherscan_v2_verified_source,0xd28a518f866e7d53b195a37a71eb04cc68fee21d7cb991427934b6f9d53e1fc2,abi_identical_bodies_unreviewed,measured_2026_09_24_union_of_published_artifact_onchain_registry_and_chain_index,eip1967 implementation slot
ETHEREUM,1,MpbBridge,gooddollar_owned,published+registry,0xa3247276dbcc76dd7705273f766eb3e8a5ecf4a5,0x3a2d0a9ef558b42af5ff8d27fe438b466fa7692f,MessagePassingBridge,5,5,24641278,9223372036854775807,true,18162554,etherscan_v2_getcontractcreation,bisection_and_announcement_union,slot_bisection_and_announcement_log,Upgraded(address),etherscan_v2_verified_source,0x104d6ab3b6a95b2ebf4cfb4a6cb485f5e4b5ef02c3d119c07e43322bbd5daacf,abi_identical_bodies_unreviewed,measured_2026_09_24_union_of_published_artifact_onchain_registry_and_chain_index,eip1967 implementation slot
ETHEREUM,1,MultichainRouter,third_party_infrastructure,published,0x765277eebeca2e31912c9946eae1021199b39c61,0x765277eebeca2e31912c9946eae1021199b39c61,AnyswapV4Router,1,1,12242619,9223372036854775807,true,12242619,etherscan_v2_getcontractcreation,single_era_no_proxy_slot,contract_creation,none,etherscan_v2_verified_source,0xf8548d4270316b12fe3628b1d57ba1d79cd8a97861793af639eb0ee1ba330356,abi_identical_bodies_unreviewed,measured_2026_09_24_union_of_published_artifact_onchain_registry_and_chain_index,plain contract. slots re-read at block 26041882
ETHEREUM,1,NameService,gooddollar_owned,published,0xec6dce387b1616a0c44ff2e4fa9e90e53cf14eb0,0xeb151e175d3d53032c2c185052e48c8c2d5c245d,NameService,1,1,14295851,9223372036854775807,true,14295851,etherscan_v2_getcontractcreation,bisection_and_announcement_union,announcement_log_only,Upgraded(address),etherscan_v2_verified_source,0xce45d07e83296b1ea2bdaf7be5635193dda560b978c1afe17b4e87667f2b507a,abi_identical_bodies_unreviewed,measured_2026_09_24_union_of_published_artifact_onchain_registry_and_chain_index,eip1967 implementation slot
ETHEREUM,1,ProtocolUpgradeRecover,gooddollar_owned,published,0x6f1b4dfdd7156fc5752541ef35edf57b48e74475,,unknown,1,0,,,false,,"not applicable, no code is deployed at this address",no_code_deployed,none,none,none,,no_code_at_pinned_block: A published artifact or the registry names this address and nothing is deployed there,measured_2026_09_24_union_of_published_artifact_onchain_registry_and_chain_index,read at block 26041882
ETHEREUM,1,ProxyAdmin,gooddollar_owned,published,0xa2db14c68ab35e620fea5bf07d65e9bff84c994c,0xa2db14c68ab35e620fea5bf07d65e9bff84c994c,ProxyAdmin,1,1,11512052,9223372036854775807,true,11512052,etherscan_v2_getcontractcreation,slots_unreadable,contract_creation,none,etherscan_v2_verified_source,0x2b57f0728a5ffe03a475faab83005c468d0f669c0a473f87425e3edb6101ec8a,abi_identical_bodies_unreviewed,measured_2026_09_24_union_of_published_artifact_onchain_registry_and_chain_index,proxy classification unresolved. slots re-read at block 26041882
ETHEREUM,1,ProxyFactory,gooddollar_owned,published,0xda85fced9bd193526b7667f2ad1fd4a0f900d3a7,0xda85fced9bd193526b7667f2ad1fd4a0f900d3a7,ProxyFactory1967,1,1,14294877,9223372036854775807,true,14294877,etherscan_v2_getcontractcreation,single_era_no_proxy_slot,contract_creation,none,etherscan_v2_verified_source,0x1a30c8ca34283aa6a8722d626c290a575108a1e4d7d018db6faf46c77e1f19a3,abi_identical_bodies_unreviewed,measured_2026_09_24_union_of_published_artifact_onchain_registry_and_chain_index,plain contract. slots re-read at block 26041882
ETHEREUM,1,StakersDistribution,gooddollar_owned,published+registry,0x5766cf4b2fdb09d986eb1783d276013c224e28c8,0x5f78ed3a4fdde9e9d91d3707a847fb4ad820ce26,StakersDistribution,1,2,14338550,22165594,false,14338550,etherscan_v2_getcontractcreation,bisection_and_announcement_union,announcement_log_only,Upgraded(address),etherscan_v2_verified_source,0x23c18a3cc25e04ccd645243059a51da30d3ed25a321c6997f8db86ef90573106,abi_identical_bodies_unreviewed,measured_2026_09_24_union_of_published_artifact_onchain_registry_and_chain_index,eip1967 implementation slot
ETHEREUM,1,StakersDistribution,gooddollar_owned,published+registry,0x5766cf4b2fdb09d986eb1783d276013c224e28c8,0x92c69a12c2ffc54afcfa320be7305ffd0f5782e0,StakersDistribution,2,2,22165594,9223372036854775807,true,14338550,etherscan_v2_getcontractcreation,bisection_and_announcement_union,slot_bisection_and_announcement_log,Upgraded(address),etherscan_v2_verified_source,0xdb6b68ed9eb7db3045bc8fdf06a2da5d34164ff07e810f4e5c270cbdd24d479b,abi_identical_bodies_unreviewed,measured_2026_09_24_union_of_published_artifact_onchain_registry_and_chain_index,eip1967 implementation slot
ETHEREUM,1,StakingContracts,gooddollar_owned,published,0xd33ba17c8a644c585089145e86e282fada6f3bfd,0xd33ba17c8a644c585089145e86e282fada6f3bfd,GoodCompoundStaking,1,1,13701103,9223372036854775807,true,13701103,etherscan_v2_getcontractcreation,single_era_no_proxy_slot,contract_creation,none,etherscan_v2_verified_source,0x80648f5b74b165322f61c0e45e315077d1eb8776607f893ce654bbc483382c54,abi_identical_bodies_unreviewed,measured_2026_09_24_union_of_published_artifact_onchain_registry_and_chain_index,plain contract. slots re-read at block 26041882
ETHEREUM,1,StakingContractsV2,gooddollar_owned,published,0x02416eb83cff1f19163f21010149c3867f3261e1,0x02416eb83cff1f19163f21010149c3867f3261e1,GoodCompoundStakingV2,1,1,14132483,9223372036854775807,true,14132483,etherscan_v2_getcontractcreation,single_era_no_proxy_slot,contract_creation,none,etherscan_v2_verified_source,0x19d236ce0180396e675601e31fe953bba57e046cfcfee783c621862b4696e065,abi_identical_bodies_unreviewed,measured_2026_09_24_union_of_published_artifact_onchain_registry_and_chain_index,plain contract. slots re-read at block 26041882
ETHEREUM,1,StakingContractsV2,gooddollar_owned,published,0xf4c34bed7dd779485692bb1857acf9c561b45010,0xf4c34bed7dd779485692bb1857acf9c561b45010,GoodAaveStakingV2,1,1,14132483,9223372036854775807,true,14132483,etherscan_v2_getcontractcreation,single_era_no_proxy_slot,contract_creation,none,etherscan_v2_verified_source,0x6d7aa6e4422780f33acf8093fdbe3669832ad519486c8396b7320ba429c62497,abi_identical_bodies_unreviewed,measured_2026_09_24_union_of_published_artifact_onchain_registry_and_chain_index,plain contract. slots re-read at block 26041882
ETHEREUM,1,StakingContractsV3,gooddollar_owned,published,0x3ff2d8eb2573819a9ef7167d2ba6fd6d31b17f4f,0x3ff2d8eb2573819a9ef7167d2ba6fd6d31b17f4f,GoodAaveStakingV2,1,1,14338483,9223372036854775807,true,14338483,etherscan_v2_getcontractcreation,single_era_no_proxy_slot,contract_creation,none,etherscan_v2_verified_source,0xcce057daa357d310d82f1bba3c24f93cb7c7b0d8d00d185c1c8395abbbaf036b,abi_identical_bodies_unreviewed,measured_2026_09_24_union_of_published_artifact_onchain_registry_and_chain_index,plain contract. slots re-read at block 26041882
ETHEREUM,1,StakingContractsV3,gooddollar_owned,published,0x7b7246c78e2f900d17646ff0cb2ec47d6ba10754,0x7b7246c78e2f900d17646ff0cb2ec47d6ba10754,GoodCompoundStakingV2,1,1,14338454,9223372036854775807,true,14338454,etherscan_v2_getcontractcreation,single_era_no_proxy_slot,contract_creation,none,etherscan_v2_verified_source,0x581fa12f95a355336e4fff7a6b5a324f6f93c8c1de4c4e0a3d839c3d8219db04,abi_identical_bodies_unreviewed,measured_2026_09_24_union_of_published_artifact_onchain_registry_and_chain_index,plain contract. slots re-read at block 26041882
ETHEREUM,1,UBI_RECIPIENT,gooddollar_owned,registry,0xd253a5203817225e9768c05e5996d642fb96ba86,,unknown,1,0,,,false,,"not applicable, no code is deployed at this address",no_code_deployed,none,none,none,,no_code_at_pinned_block: A published artifact or the registry names this address and nothing is deployed there,measured_2026_09_24_union_of_published_artifact_onchain_registry_and_chain_index,read at block 26041882
ETHEREUM,1,UNISWAP_ROUTER,gooddollar_owned,registry,0x7a250d5630b4cf539739df2c5dacb4c659f2488d,0x7a250d5630b4cf539739df2c5dacb4c659f2488d,UniswapV2Router02,1,1,10207858,9223372036854775807,true,10207858,etherscan_v2_getcontractcreation,single_era_no_proxy_slot,contract_creation,none,etherscan_v2_verified_source,0xa324bc7db3d091b6f1a2d526e48a9c7039e03b3cc35f7d44b15ac7a1544c11d2,abi_identical_bodies_unreviewed,measured_2026_09_24_union_of_published_artifact_onchain_registry_and_chain_index,plain contract. slots re-read at block 26041882
FUSE,122,AdminWallet,gooddollar_owned,published,0x9a34822112bc73bdc941c62dcc311ca905aef2a3,0x832548c789ea71cae69f562476e9978d77e36c70,AdminWallet,1,6,18838651,22038689,false,18838651,blockscout_creation_tx_block_confirmed_by_reading_the_block_on_two_or_more_nodes,announcement_logs_only,announcement_log_only,Upgraded(address),blockscout_verified_source,0x66b4691f8dbbbeca25c2d211e9956b11f70436b977606825e22ad57175b4ee1a,abi_identical_bodies_unreviewed,measured_2026_09_24_union_of_published_artifact_onchain_registry_and_chain_index,eip1967 implementation slot
FUSE,122,AdminWallet,gooddollar_owned,published,0x9a34822112bc73bdc941c62dcc311ca905aef2a3,0xeed7ecf710aa2cf1c15dcdba29de8655a384e299,AdminWalletFuse,2,6,22038689,25360323,false,18838651,blockscout_creation_tx_block_confirmed_by_reading_the_block_on_two_or_more_nodes,announcement_logs_only,announcement_log_only,Upgraded(address),blockscout_verified_source,0xa64b2065c3bdea43c0c94eef6982542b4546f32b6e6dea99c2d86643d9a2c6a9,abi_identical_bodies_unreviewed,measured_2026_09_24_union_of_published_artifact_onchain_registry_and_chain_index,eip1967 implementation slot
FUSE,122,AdminWallet,gooddollar_owned,published,0x9a34822112bc73bdc941c62dcc311ca905aef2a3,0xdd107728aa2445166942837a7338c157065bd8c8,unknown,3,6,25360323,25360565,false,18838651,blockscout_creation_tx_block_confirmed_by_reading_the_block_on_two_or_more_nodes,announcement_logs_only,announcement_log_only,Upgraded(address),none,0xd5b671d4e75d1403bdf6c0aa6dcfba8c5373ac9b165ef9ec4aa7c1bd16c640d0,"no_verified_abi: The event surface for this era is UNKNOWN, which is not the same as empty",measured_2026_09_24_union_of_published_artifact_onchain_registry_and_chain_index,eip1967 implementation slot
FUSE,122,AdminWallet,gooddollar_owned,published,0x9a34822112bc73bdc941c62dcc311ca905aef2a3,0x44035ca8d61472adbfb9dc6a7fdcc6af9d1f7f0a,unknown,4,6,25360565,25361140,false,18838651,blockscout_creation_tx_block_confirmed_by_reading_the_block_on_two_or_more_nodes,announcement_logs_only,announcement_log_only,Upgraded(address),none,0xe65c8d986b9ae0135ea86a802c94ae2cf27da0ddaffae8ba2256d4194ed8fda1,"no_verified_abi: The event surface for this era is UNKNOWN, which is not the same as empty",measured_2026_09_24_union_of_published_artifact_onchain_registry_and_chain_index,eip1967 implementation slot
FUSE,122,AdminWallet,gooddollar_owned,published,0x9a34822112bc73bdc941c62dcc311ca905aef2a3,0xa9133a3d11bc39eb4d65e6de44fe9ceac3c71f54,AdminWalletFuse,5,6,25361140,38833573,false,18838651,blockscout_creation_tx_block_confirmed_by_reading_the_block_on_two_or_more_nodes,announcement_logs_only,announcement_log_only,Upgraded(address),blockscout_verified_source,0xf1d2b5dd090e70e6c85fa5b55ff2df42f4c12e54e6b7368ae08768d2f9c52120,abi_identical_bodies_unreviewed,measured_2026_09_24_union_of_published_artifact_onchain_registry_and_chain_index,eip1967 implementation slot
FUSE,122,AdminWallet,gooddollar_owned,published,0x9a34822112bc73bdc941c62dcc311ca905aef2a3,0x7ac74c2c00b1e403a2d9972b8fdb237ebeffb901,AdminWalletFuse,6,6,38833573,9223372036854775807,true,18838651,blockscout_creation_tx_block_confirmed_by_reading_the_block_on_two_or_more_nodes,announcement_logs_only,announcement_log_only,Upgraded(address),blockscout_verified_source,0x0e5dcba485a857f32569ff106b8bbd663daa48097d326d5f7684bf37693f93df,abi_identical_bodies_unreviewed,measured_2026_09_24_union_of_published_artifact_onchain_registry_and_chain_index,eip1967 implementation slot. confirmed: The slot at the rolling pin holds 0x7ac74c2c00b1e403a2d9972b8fdb237ebeffb901
FUSE,122,AdminWalletOld,gooddollar_owned,published,0x9f75dacb77419b87f568d417ebc84346e134144e,0x9f75dacb77419b87f568d417ebc84346e134144e,AdminWallet,1,1,6246332,9223372036854775807,true,6246332,blockscout_creation_tx_block_confirmed_by_reading_the_block_on_two_or_more_nodes,single_era_no_proxy_slot,contract_creation,none,blockscout_verified_source,0x6b4b178e5e2f68c4ec1500db73eb9c44faf11b3f88fc30937180ff7d1f771062,abi_identical_bodies_unreviewed,measured_2026_09_24_union_of_published_artifact_onchain_registry_and_chain_index,plain contract. slots re-read at block 44239453
FUSE,122,Avatar,gooddollar_owned,published+registry,0xf96dadc6d71113f6500e97590760c924da1ef70e,0xf96dadc6d71113f6500e97590760c924da1ef70e,Avatar,1,1,6246330,9223372036854775807,true,6246330,blockscout_creation_tx_block_confirmed_by_reading_the_block_on_two_or_more_nodes,single_era_no_proxy_slot,contract_creation,none,blockscout_verified_source,0x8a27316984da83331e574723efd0810faf4d7065f3037b8778d9c572ea49c6d8,abi_identical_bodies_unreviewed,measured_2026_09_24_union_of_published_artifact_onchain_registry_and_chain_index,plain contract. slots re-read at block 44239459
FUSE,122,BulkWhitelist,gooddollar_owned,published,0x3b0f4974eb53fe7ca16ac311ebf1cd183d7d63cd,0x3b0f4974eb53fe7ca16ac311ebf1cd183d7d63cd,BulkWhitelist,1,1,30846522,9223372036854775807,true,30846522,blockscout_creation_tx_block_confirmed_by_reading_the_block_on_two_or_more_nodes,single_era_no_proxy_slot,contract_creation,none,blockscout_verified_source,0x60344a20cbd88bedbfd88cec885b62ad50c025de6de11abf30abf652d86ebbc4,abi_identical_bodies_unreviewed,measured_2026_09_24_union_of_published_artifact_onchain_registry_and_chain_index,plain contract. slots re-read at block 44239453
FUSE,122,ClaimersDistribution,gooddollar_owned,published+registry,0x1ae4929090258a9d5000d98cfb8a27174d345834,0x264adea794247a7e4dc216c7ca2f1429e3af54a9,ClaimersDistribution,1,1,15740398,9223372036854775807,true,15740398,blockscout_creation_tx_block_confirmed_by_reading_the_block_on_two_or_more_nodes,announcement_logs_only,announcement_log_only,Upgraded(address),blockscout_verified_source,0xa768b8e29028527a8ad81974daa5507bd4ec7e38f2aba2981664a518953fb852,abi_identical_bodies_unreviewed,measured_2026_09_24_union_of_published_artifact_onchain_registry_and_chain_index,eip1967 implementation slot. confirmed: The slot at the rolling pin holds 0x264adea794247a7e4dc216c7ca2f1429e3af54a9
FUSE,122,CommunitySafe,gooddollar_owned_safe,published,0x5eb5f5fe13d1d5e6440dbd5913412299bc5b5564,0x5eb5f5fe13d1d5e6440dbd5913412299bc5b5564,GnosisSafeProxy,1,1,15067222,9223372036854775807,true,15067222,blockscout_creation_tx_block_confirmed_by_reading_the_block_on_two_or_more_nodes,single_era_no_proxy_slot,contract_creation,none,blockscout_verified_source,0xb89c1b3bdf2cf8827818646bce9a8f6e372885f8c55e5c07acbd307cb133b000,abi_identical_bodies_unreviewed,measured_2026_09_24_union_of_published_artifact_onchain_registry_and_chain_index,plain contract. slots re-read at block 44239453
FUSE,122,CompoundVotingMachine,gooddollar_owned,published,0x57ee6ceff51cb30ecb1245934a882c500fbec1e9,0xa7fdd8b0e68e09c9e4aee8f03a8443d5827187d1,CompoundVotingMachine,1,2,15740389,34980099,false,15740389,blockscout_creation_tx_block_confirmed_by_reading_the_block_on_two_or_more_nodes,announcement_logs_only,announcement_log_only,Upgraded(address),blockscout_verified_source,0x2e33bb42b9056732aba2fdd606e3427c3b67c927947fd39a8b11c7ce0d8b4ea7,abi_identical_bodies_unreviewed,measured_2026_09_24_union_of_published_artifact_onchain_registry_and_chain_index,eip1967 implementation slot
FUSE,122,CompoundVotingMachine,gooddollar_owned,published,0x57ee6ceff51cb30ecb1245934a882c500fbec1e9,0x9373046bbc6d381129b49ac3334881390df1cb13,CompoundVotingMachine,2,2,34980099,9223372036854775807,true,15740389,blockscout_creation_tx_block_confirmed_by_reading_the_block_on_two_or_more_nodes,announcement_logs_only,announcement_log_only,Upgraded(address),blockscout_verified_source,0x348bfbd3bd8c8386b1b1bd205380278b7efb71070ceb110cc8dafffb5a0748e9,abi_identical_bodies_unreviewed,measured_2026_09_24_union_of_published_artifact_onchain_registry_and_chain_index,eip1967 implementation slot. confirmed: The slot at the rolling pin holds 0x9373046bbc6d381129b49ac3334881390df1cb13
FUSE,122,Controller,gooddollar_owned,published+registry,0xbce053b99e22158f8b62f4dbfbede1f936b2d4e4,0xbce053b99e22158f8b62f4dbfbede1f936b2d4e4,Controller,1,1,6246330,9223372036854775807,true,6246330,blockscout_creation_tx_block_confirmed_by_reading_the_block_on_two_or_more_nodes,single_era_no_proxy_slot,contract_creation,none,blockscout_verified_source,0x1cce4814ac502cec7e982e73d29bdc95e9094476ba971b6777f8abd4a415fc26,abi_identical_bodies_unreviewed,measured_2026_09_24_union_of_published_artifact_onchain_registry_and_chain_index,plain contract. slots re-read at block 44239459
FUSE,122,FirstClaimPool,gooddollar_owned,published,0x18bcdf79a724648bf34eb06701be81bd072a2384,,unknown,1,0,,,false,,"not applicable, no code is deployed at this address",no_code_deployed,none,none,none,,no_code_at_pinned_block: A published artifact or the registry names this address and nothing is deployed there,measured_2026_09_24_union_of_published_artifact_onchain_registry_and_chain_index,read at block 44228002
FUSE,122,FuseFaucet,gooddollar_owned,published,0x01ab5966c1d742ae0cff7f14cc0f4d85156e83d9,0x01ab5966c1d742ae0cff7f14cc0f4d85156e83d9,uninitialised,1,12,9287140,18632009,false,9287140,blockscout_creation_tx_block_confirmed_by_reading_the_block_on_two_or_more_nodes,announcement_logs_only,contract_creation,none,none,,"proxy_deployed_without_an_implementation: The implementation slot read zero from the creation block until the next boundary, so only the events of the proxy contract itself can occur in this window",measured_2026_09_24_union_of_published_artifact_onchain_registry_and_chain_index,eip1967 implementation slot
FUSE,122,FuseFaucet,gooddollar_owned,published,0x01ab5966c1d742ae0cff7f14cc0f4d85156e83d9,0x7a73f1fa2d9d24b6e8b02aae83eb348d51440623,FuseFaucet,2,12,18632009,18632133,false,9287140,blockscout_creation_tx_block_confirmed_by_reading_the_block_on_two_or_more_nodes,announcement_logs_only,announcement_log_only,Upgraded(address),blockscout_verified_source,0xa550b4543e2d05be80f569cbc0da17bb404d897f4609b7bf14c33aa0c2774bdc,abi_identical_bodies_unreviewed,measured_2026_09_24_union_of_published_artifact_onchain_registry_and_chain_index,eip1967 implementation slot
FUSE,122,FuseFaucet,gooddollar_owned,published,0x01ab5966c1d742ae0cff7f14cc0f4d85156e83d9,0xbded8cf5629732956d58d85b6cc619d83778a226,FuseFaucet,3,12,18632133,18632465,false,9287140,blockscout_creation_tx_block_confirmed_by_reading_the_block_on_two_or_more_nodes,announcement_logs_only,announcement_log_only,Upgraded(address),blockscout_verified_source,0xba02cd4c27b29b745d4a2ba2436a2ce5b17105fff5ca296a9758e2ca9a58ad34,abi_identical_bodies_unreviewed,measured_2026_09_24_union_of_published_artifact_onchain_registry_and_chain_index,eip1967 implementation slot
FUSE,122,FuseFaucet,gooddollar_owned,published,0x01ab5966c1d742ae0cff7f14cc0f4d85156e83d9,0xc9f33d360ed722fb8f26209b402b58494ef8f54b,unknown,4,12,18632465,18632495,false,9287140,blockscout_creation_tx_block_confirmed_by_reading_the_block_on_two_or_more_nodes,announcement_logs_only,announcement_log_only,Upgraded(address),none,0x39a2ce0c262ea1305f3d2262e66a7818ee30e6d2d15bfadcd988c6b6c09bda9f,"no_verified_abi: The event surface for this era is UNKNOWN, which is not the same as empty",measured_2026_09_24_union_of_published_artifact_onchain_registry_and_chain_index,eip1967 implementation slot
FUSE,122,FuseFaucet,gooddollar_owned,published,0x01ab5966c1d742ae0cff7f14cc0f4d85156e83d9,0xc0753ae7d5e010083035090b405110ed8323d07e,FuseFaucet,5,12,18632495,18839080,false,9287140,blockscout_creation_tx_block_confirmed_by_reading_the_block_on_two_or_more_nodes,announcement_logs_only,announcement_log_only,Upgraded(address),blockscout_verified_source,0x72d4da8afd26f9a92ad5d8d4b9f266b8dfb96dd1489ef6a097fc9fb97b8558c4,abi_identical_bodies_unreviewed,measured_2026_09_24_union_of_published_artifact_onchain_registry_and_chain_index,eip1967 implementation slot
FUSE,122,FuseFaucet,gooddollar_owned,published,0x01ab5966c1d742ae0cff7f14cc0f4d85156e83d9,0x6c8efc4ab75b834ee9e7f2d9fa96b09724fbf4d3,FuseFaucet,6,12,18839080,18845979,false,9287140,blockscout_creation_tx_block_confirmed_by_reading_the_block_on_two_or_more_nodes,announcement_logs_only,announcement_log_only,Upgraded(address),blockscout_verified_source,0x49d2add807ef458e4f02bc0e8c8582a11b0daec746d2a66055e71f7001c6bdd1,abi_identical_bodies_unreviewed,measured_2026_09_24_union_of_published_artifact_onchain_registry_and_chain_index,eip1967 implementation slot
FUSE,122,FuseFaucet,gooddollar_owned,published,0x01ab5966c1d742ae0cff7f14cc0f4d85156e83d9,0x06b5b324baa4e7d1c9a8137f0e82ebb780b3570e,FuseFaucet,7,12,18845979,22038735,false,9287140,blockscout_creation_tx_block_confirmed_by_reading_the_block_on_two_or_more_nodes,announcement_logs_only,announcement_log_only,Upgraded(address),blockscout_verified_source,0xc94d58b41bcdb02ddc252624b2acc79db4ddb6eeced07ca4a01dd2d9ba65ba87,abi_identical_bodies_unreviewed,measured_2026_09_24_union_of_published_artifact_onchain_registry_and_chain_index,eip1967 implementation slot
FUSE,122,FuseFaucet,gooddollar_owned,published,0x01ab5966c1d742ae0cff7f14cc0f4d85156e83d9,0x6ba541e6f4e7df758b98d0117c6ccd353eccc728,FuseFaucetV2,8,12,22038735,22880830,false,9287140,blockscout_creation_tx_block_confirmed_by_reading_the_block_on_two_or_more_nodes,announcement_logs_only,announcement_log_only,Upgraded(address),blockscout_verified_source,0xcf67b2cd16ce05fc9a29179de4b0268c573abbcfc925548b92f0f9e3d7a1b570,abi_identical_bodies_unreviewed,measured_2026_09_24_union_of_published_artifact_onchain_registry_and_chain_index,eip1967 implementation slot
FUSE,122,FuseFaucet,gooddollar_owned,published,0x01ab5966c1d742ae0cff7f14cc0f4d85156e83d9,0xa528531d648cfb3cda91cda71c7ec6a172bcbd04,FuseFaucetV2,9,12,22880830,24304872,false,9287140,blockscout_creation_tx_block_confirmed_by_reading_the_block_on_two_or_more_nodes,announcement_logs_only,announcement_log_only,Upgraded(address),blockscout_verified_source,0x1bb2ff96e0e4302438331fbceae937a1f6291f4bf69cc490dbb2a4b87e51aaa7,abi_identical_bodies_unreviewed,measured_2026_09_24_union_of_published_artifact_onchain_registry_and_chain_index,eip1967 implementation slot
FUSE,122,FuseFaucet,gooddollar_owned,published,0x01ab5966c1d742ae0cff7f14cc0f4d85156e83d9,0x2e4fdb111b46a15987c275d8472d51bfb16597c5,FuseFaucetV2,10,12,24304872,38606265,false,9287140,blockscout_creation_tx_block_confirmed_by_reading_the_block_on_two_or_more_nodes,announcement_logs_only,announcement_log_only,Upgraded(address),blockscout_verified_source,0x12eaef1325c901bfe07bffcc431c027734f0a56617d3b0fcaff3e4668c232dad,abi_identical_bodies_unreviewed,measured_2026_09_24_union_of_published_artifact_onchain_registry_and_chain_index,eip1967 implementation slot
FUSE,122,FuseFaucet,gooddollar_owned,published,0x01ab5966c1d742ae0cff7f14cc0f4d85156e83d9,0x49ddbcc575c0a813a453fe4466e5a08449bd533d,FuseFaucetV2,11,12,38606265,38607227,false,9287140,blockscout_creation_tx_block_confirmed_by_reading_the_block_on_two_or_more_nodes,announcement_logs_only,announcement_log_only,Upgraded(address),blockscout_verified_source,0x194cf0e8579c60f4ba5c61e5eda5f1dc0c21e169f446a35c8d082d7c6e78d2e5,abi_identical_bodies_unreviewed,measured_2026_09_24_union_of_published_artifact_onchain_registry_and_chain_index,eip1967 implementation slot
FUSE,122,FuseFaucet,gooddollar_owned,published,0x01ab5966c1d742ae0cff7f14cc0f4d85156e83d9,0x6b7405c75d461237fc89dac475dcbfbe1459f10f,FuseFaucetV2,12,12,38607227,9223372036854775807,true,9287140,blockscout_creation_tx_block_confirmed_by_reading_the_block_on_two_or_more_nodes,announcement_logs_only,announcement_log_only,Upgraded(address),blockscout_verified_source,0x93ae3699136504d4e9a3598e91dd3e7b0a849299e9015f5787214959e897df4b,abi_identical_bodies_unreviewed,measured_2026_09_24_union_of_published_artifact_onchain_registry_and_chain_index,eip1967 implementation slot. confirmed: The slot at the rolling pin holds 0x6b7405c75d461237fc89dac475dcbfbe1459f10f
FUSE,122,FuseStaking,gooddollar_owned,published,0xa199f0c353e25adf022378b0c208d600f39a6505,0xa199f0c353e25adf022378b0c208d600f39a6505,uninitialised,1,16,8815068,8824926,false,8815068,blockscout_creation_tx_block_confirmed_by_reading_the_block_on_two_or_more_nodes,announcement_logs_only,contract_creation,none,none,,"proxy_deployed_without_an_implementation: The implementation slot read zero from the creation block until the next boundary, so only the events of the proxy contract itself can occur in this window",measured_2026_09_24_union_of_published_artifact_onchain_registry_and_chain_index,eip1967 implementation slot
FUSE,122,FuseStaking,gooddollar_owned,published,0xa199f0c353e25adf022378b0c208d600f39a6505,0x9f9ff3720dba5f0e67e28ecfba5e433b0d271204,FuseStakingV3,2,16,8824926,9471687,false,8815068,blockscout_creation_tx_block_confirmed_by_reading_the_block_on_two_or_more_nodes,announcement_logs_only,announcement_log_only,Upgraded(address),blockscout_verified_source,0xd4c46219d523a73f3cb19758721142cce51552ac0ba44d5cb62b758f185a2f2a,abi_identical_bodies_unreviewed,measured_2026_09_24_union_of_published_artifact_onchain_registry_and_chain_index,eip1967 implementation slot
FUSE,122,FuseStaking,gooddollar_owned,published,0xa199f0c353e25adf022378b0c208d600f39a6505,0x7fca2b3e1047291f65c2c914083d970c027f4290,FuseStakingV3,3,16,9471687,11531487,false,8815068,blockscout_creation_tx_block_confirmed_by_reading_the_block_on_two_or_more_nodes,announcement_logs_only,announcement_log_only,Upgraded(address),blockscout_verified_source,0xa676484e5aee5866227ccf5d6002f08449eb8fcc942ccd328008d8c68e4919c8,abi_identical_bodies_unreviewed,measured_2026_09_24_union_of_published_artifact_onchain_registry_and_chain_index,eip1967 implementation slot
FUSE,122,FuseStaking,gooddollar_owned,published,0xa199f0c353e25adf022378b0c208d600f39a6505,0x1e3a43799b4e68c7d872ebece91a6389c0d8844c,FuseStakingV3,4,16,11531487,11614374,false,8815068,blockscout_creation_tx_block_confirmed_by_reading_the_block_on_two_or_more_nodes,announcement_logs_only,announcement_log_only,Upgraded(address),blockscout_verified_source,0xb7b3c3278570684855b5b3f65dde9c00fbb99d30704702133296f919aa3149d0,abi_identical_bodies_unreviewed,measured_2026_09_24_union_of_published_artifact_onchain_registry_and_chain_index,eip1967 implementation slot
FUSE,122,FuseStaking,gooddollar_owned,published,0xa199f0c353e25adf022378b0c208d600f39a6505,0x8141208203c298f07ddcd794b14722e69aa42549,FuseStakingV3,5,16,11614374,11850342,false,8815068,blockscout_creation_tx_block_confirmed_by_reading_the_block_on_two_or_more_nodes,announcement_logs_only,announcement_log_only,Upgraded(address),blockscout_verified_source,0x49998619549fd712f25d82ef5ccf804c2625b6eeaa49ba51c9f4a1e7e01b8516,abi_identical_bodies_unreviewed,measured_2026_09_24_union_of_published_artifact_onchain_registry_and_chain_index,eip1967 implementation slot
FUSE,122,FuseStaking,gooddollar_owned,published,0xa199f0c353e25adf022378b0c208d600f39a6505,0xfda6a8aee1a909e1cc7da28b34f61b32e4e9a74a,FuseStakingV3,6,16,11850342,11868104,false,8815068,blockscout_creation_tx_block_confirmed_by_reading_the_block_on_two_or_more_nodes,announcement_logs_only,announcement_log_only,Upgraded(address),blockscout_verified_source,0x9f5cab50812967e338ad9b7ffbcc4a5bf1c079523dca773b39f7bba3c88e23c2,abi_identical_bodies_unreviewed,measured_2026_09_24_union_of_published_artifact_onchain_registry_and_chain_index,eip1967 implementation slot
FUSE,122,FuseStaking,gooddollar_owned,published,0xa199f0c353e25adf022378b0c208d600f39a6505,0xd980a608abd9566c87bb4e60302259858766b996,FuseStakingV3,7,16,11868104,11868821,false,8815068,blockscout_creation_tx_block_confirmed_by_reading_the_block_on_two_or_more_nodes,announcement_logs_only,announcement_log_only,Upgraded(address),blockscout_verified_source,0x33617b9c20ab11715c1c20bc5e003962eaa505d2efc02786284c7c169cef2cd5,abi_identical_bodies_unreviewed,measured_2026_09_24_union_of_published_artifact_onchain_registry_and_chain_index,eip1967 implementation slot
FUSE,122,FuseStaking,gooddollar_owned,published,0xa199f0c353e25adf022378b0c208d600f39a6505,0x53f650758deff504f4e5a327f11f44275a710aa9,FuseStakingV3,8,16,11868821,11869054,false,8815068,blockscout_creation_tx_block_confirmed_by_reading_the_block_on_two_or_more_nodes,announcement_logs_only,announcement_log_only,Upgraded(address),blockscout_verified_source,0x44f7c970e0af4baafbecaf6da425541b537113e37a46484bcbc40c04a57db7b7,abi_identical_bodies_unreviewed,measured_2026_09_24_union_of_published_artifact_onchain_registry_and_chain_index,eip1967 implementation slot
FUSE,122,FuseStaking,gooddollar_owned,published,0xa199f0c353e25adf022378b0c208d600f39a6505,0xbd1f52ab9f30483796d33fa7a4e7371b043dbbe6,unknown,9,16,11869054,11869227,false,8815068,blockscout_creation_tx_block_confirmed_by_reading_the_block_on_two_or_more_nodes,announcement_logs_only,announcement_log_only,Upgraded(address),none,0x5850debc7391a2be27ce29315d9ce94d81da3050a01314ea9e5c4a53c0152642,"no_verified_abi: The event surface for this era is UNKNOWN, which is not the same as empty",measured_2026_09_24_union_of_published_artifact_onchain_registry_and_chain_index,eip1967 implementation slot
FUSE,122,FuseStaking,gooddollar_owned,published,0xa199f0c353e25adf022378b0c208d600f39a6505,0x2560f53027fd1800174f842f071abd52521f0807,FuseStakingV3,10,16,11869227,15989875,false,8815068,blockscout_creation_tx_block_confirmed_by_reading_the_block_on_two_or_more_nodes,announcement_logs_only,announcement_log_only,Upgraded(address),blockscout_verified_source,0x16efe88328a1b5f228c9940964e941179d0d13099492ef5b8a448c68edaaf54b,abi_identical_bodies_unreviewed,measured_2026_09_24_union_of_published_artifact_onchain_registry_and_chain_index,eip1967 implementation slot
FUSE,122,FuseStaking,gooddollar_owned,published,0xa199f0c353e25adf022378b0c208d600f39a6505,0xf2c42adcc899871f1a8aa1a313702b4e7ebff9f5,FuseStakingV3,11,16,15989875,18632672,false,8815068,blockscout_creation_tx_block_confirmed_by_reading_the_block_on_two_or_more_nodes,announcement_logs_only,announcement_log_only,Upgraded(address),blockscout_verified_source,0x3f65eda9b2f53a0a631162bc7f21f9b69535f9899677e71cf1a7ccf127d4f028,abi_identical_bodies_unreviewed,measured_2026_09_24_union_of_published_artifact_onchain_registry_and_chain_index,eip1967 implementation slot
FUSE,122,FuseStaking,gooddollar_owned,published,0xa199f0c353e25adf022378b0c208d600f39a6505,0x2e15da5e7b0c9861272912454f2382949beca07c,FuseStakingV3,12,16,18632672,18633445,false,8815068,blockscout_creation_tx_block_confirmed_by_reading_the_block_on_two_or_more_nodes,announcement_logs_only,announcement_log_only,Upgraded(address),blockscout_verified_source,0xbacf533d1ebe195b54f0f6de8109fe90d4927097656c39b7108625d7b7ca9899,abi_identical_bodies_unreviewed,measured_2026_09_24_union_of_published_artifact_onchain_registry_and_chain_index,eip1967 implementation slot
FUSE,122,FuseStaking,gooddollar_owned,published,0xa199f0c353e25adf022378b0c208d600f39a6505,0xb51ed83bd8329ab1712a4698864e6d2871c38fc7,FuseStakingV3,13,16,18633445,20715888,false,8815068,blockscout_creation_tx_block_confirmed_by_reading_the_block_on_two_or_more_nodes,announcement_logs_only,announcement_log_only,Upgraded(address),blockscout_verified_source,0xaf26d0e166dda1de9e5e962c47a23e4f191a347dd2438fed2b5da341d5889012,abi_identical_bodies_unreviewed,measured_2026_09_24_union_of_published_artifact_onchain_registry_and_chain_index,eip1967 implementation slot
FUSE,122,FuseStaking,gooddollar_owned,published,0xa199f0c353e25adf022378b0c208d600f39a6505,0x720d18ebeac3326098b96201ffe32b580508d018,FuseStakingV3,14,16,20715888,24976379,false,8815068,blockscout_creation_tx_block_confirmed_by_reading_the_block_on_two_or_more_nodes,announcement_logs_only,announcement_log_only,Upgraded(address),blockscout_verified_source,0x5c196350dbe9eb2637e70a35cc66037e56863c9f97156a0a692265f80dfaeb2e,abi_identical_bodies_unreviewed,measured_2026_09_24_union_of_published_artifact_onchain_registry_and_chain_index,eip1967 implementation slot
FUSE,122,FuseStaking,gooddollar_owned,published,0xa199f0c353e25adf022378b0c208d600f39a6505,0xe2491656c5657b87b09e5adea27bd637a8953395,FuseStakingV3,15,16,24976379,27047375,false,8815068,blockscout_creation_tx_block_confirmed_by_reading_the_block_on_two_or_more_nodes,announcement_logs_only,announcement_log_only,Upgraded(address),blockscout_verified_source,0x3119ba292007d0b3d540a4d4e064aef8af1ca2456668bf92957250afa3c56e82,abi_identical_bodies_unreviewed,measured_2026_09_24_union_of_published_artifact_onchain_registry_and_chain_index,eip1967 implementation slot
FUSE,122,FuseStaking,gooddollar_owned,published,0xa199f0c353e25adf022378b0c208d600f39a6505,0x7c723bbeb808b74fb63fc1cb09ffa43d66a96390,unknown,16,16,27047375,9223372036854775807,true,8815068,blockscout_creation_tx_block_confirmed_by_reading_the_block_on_two_or_more_nodes,announcement_logs_only,announcement_log_only,Upgraded(address),none,0xba742d73273e51079257a3e68f403e661e886ea6e32afb7dbfe9a2282b0a6953,"no_verified_abi: The event surface for this era is UNKNOWN, which is not the same as empty",measured_2026_09_24_union_of_published_artifact_onchain_registry_and_chain_index,eip1967 implementation slot. confirmed: The slot at the rolling pin holds 0x7c723bbeb808b74fb63fc1cb09ffa43d66a96390
FUSE,122,GDAO_STAKING,gooddollar_owned,registry,0x280226a143b7dfdf84645006e32f899b531c2f98,0x280226a143b7dfdf84645006e32f899b531c2f98,unknown,1,1,15747396,9223372036854775807,true,15747396,blockscout_creation_tx_block_confirmed_by_reading_the_block_on_two_or_more_nodes,single_era_no_proxy_slot,contract_creation,none,none,0x5e11c717620e654220b2a30bb69874f18bbbc438cfbebbc60ff05a9c33803614,"no_verified_abi: The event surface for this era is UNKNOWN, which is not the same as empty",measured_2026_09_24_union_of_published_artifact_onchain_registry_and_chain_index,plain contract. slots re-read at block 44239453
FUSE,122,GoodDollar,gooddollar_owned,published+registry,0x495d133b938596c9984d462f007b676bdc57ecec,0x495d133b938596c9984d462f007b676bdc57ecec,GoodDollar,1,1,6246330,9223372036854775807,true,6246330,blockscout_creation_tx_block_confirmed_by_reading_the_block_on_two_or_more_nodes,single_era_no_proxy_slot,contract_creation,none,blockscout_verified_source,0x554945bfa422af5800554ef7b37f229465f13208db908d482249f1dd9803a3c0,abi_identical_bodies_unreviewed,measured_2026_09_24_union_of_published_artifact_onchain_registry_and_chain_index,plain contract. slots re-read at block 44239453
FUSE,122,GoodDollarMintBurnWrapper,gooddollar_owned,published+registry,0x031b2b7c7854dd8ee9c4a644d7e54ad17f56e3cb,0x716031ae7db1a5c07b24ed3b651d5f57945e1ac3,GoodDollarMintBurnWrapper,1,1,22035558,9223372036854775807,true,22035558,blockscout_creation_tx_block_confirmed_by_reading_the_block_on_two_or_more_nodes,announcement_logs_only,announcement_log_only,Upgraded(address),blockscout_verified_source,0xa2822dc882ca15bfae3ad35a44bd5129746267dec37a19844bb2f59675aec288,abi_identical_bodies_unreviewed,measured_2026_09_24_union_of_published_artifact_onchain_registry_and_chain_index,eip1967 implementation slot. confirmed: The slot at the rolling pin holds 0x716031ae7db1a5c07b24ed3b651d5f57945e1ac3
FUSE,122,GovernanceStaking,gooddollar_owned,published,0xfaf457fb4a978be059506f6cd41f9b30fca753b0,0xfaf457fb4a978be059506f6cd41f9b30fca753b0,GovernanceStaking,1,1,14149736,9223372036854775807,true,14149736,blockscout_creation_tx_block_confirmed_by_reading_the_block_on_two_or_more_nodes,single_era_no_proxy_slot,contract_creation,none,blockscout_verified_source,0x2d112154566a9ba4f271ef486aa2f5dd6843e134d03e7aa456359d12325f849d,abi_identical_bodies_unreviewed,measured_2026_09_24_union_of_published_artifact_onchain_registry_and_chain_index,plain contract. slots re-read at block 44239459
FUSE,122,GovernanceStakingV2,gooddollar_owned,published+registry,0xb7c3e738224625289c573c54d402e9be46205546,0xb7c3e738224625289c573c54d402e9be46205546,GovernanceStaking,1,1,15956809,9223372036854775807,true,15956809,blockscout_creation_tx_block_confirmed_by_reading_the_block_on_two_or_more_nodes,single_era_no_proxy_slot,contract_creation,none,blockscout_verified_source,0x813356a3f27cf275db45b87b8823a3d9fb90534dbf0749962fd57c95fca57e61,abi_identical_bodies_unreviewed,measured_2026_09_24_union_of_published_artifact_onchain_registry_and_chain_index,plain contract. slots re-read at block 44239459
FUSE,122,GReputation,gooddollar_owned,published+registry,0x603b8c0f110e037b51a381cbcacabb8d6c6e4543,0xdeef7c187a9e254ded7b503ac5703adc7b3b15e6,GReputation,1,3,15740330,15890735,false,15740330,blockscout_creation_tx_block_confirmed_by_reading_the_block_on_two_or_more_nodes,announcement_logs_only,announcement_log_only,Upgraded(address),blockscout_verified_source,0xbc782ccf8b3bd3538e5e81fb0cd55832a712f5bc83dd0693b7e7e4bf7ec5657d,abi_identical_bodies_unreviewed,measured_2026_09_24_union_of_published_artifact_onchain_registry_and_chain_index,eip1967 implementation slot
FUSE,122,GReputation,gooddollar_owned,published+registry,0x603b8c0f110e037b51a381cbcacabb8d6c6e4543,0x418accc2e62cc3745d67ef6b779c441ff223fc27,GReputation,2,3,15890735,22365120,false,15740330,blockscout_creation_tx_block_confirmed_by_reading_the_block_on_two_or_more_nodes,announcement_logs_only,announcement_log_only,Upgraded(address),blockscout_verified_source,0x0d4bf8c2025617b7d7d51131e6c74eb95e48f4dfa9f6b58688badd38c1c12bc8,abi_identical_bodies_unreviewed,measured_2026_09_24_union_of_published_artifact_onchain_registry_and_chain_index,eip1967 implementation slot
FUSE,122,GReputation,gooddollar_owned,published+registry,0x603b8c0f110e037b51a381cbcacabb8d6c6e4543,0x2845b2ff94d01355bdf5bab2333a5c173a803c3d,GReputation,3,3,22365120,9223372036854775807,true,15740330,blockscout_creation_tx_block_confirmed_by_reading_the_block_on_two_or_more_nodes,announcement_logs_only,announcement_log_only,Upgraded(address),blockscout_verified_source,0xbe55b28d2684d22fe78fad3d4b2357fef68796bc17eecc548e673d8b91798a8e,abi_identical_bodies_unreviewed,measured_2026_09_24_union_of_published_artifact_onchain_registry_and_chain_index,eip1967 implementation slot. confirmed: The slot at the rolling pin holds 0x2845b2ff94d01355bdf5bab2333a5c173a803c3d
FUSE,122,GuardiansSafe,gooddollar_owned_safe,published,0x5878123fe880881f1ecc92d5fd31e5d3f5fba2e9,0x5878123fe880881f1ecc92d5fd31e5d3f5fba2e9,GnosisSafeProxy,1,1,20403981,9223372036854775807,true,20403981,blockscout_creation_tx_block_confirmed_by_reading_the_block_on_two_or_more_nodes,single_era_no_proxy_slot,contract_creation,none,blockscout_verified_source,0xb89c1b3bdf2cf8827818646bce9a8f6e372885f8c55e5c07acbd307cb133b000,abi_identical_bodies_unreviewed,measured_2026_09_24_union_of_published_artifact_onchain_registry_and_chain_index,plain contract. slots re-read at block 44239453
FUSE,122,HomeBridge,gooddollar_owned,published+registry,0xd39021db018e2caeadb4b2e6717d31550e7918d0,0xd39021db018e2caeadb4b2e6717d31550e7918d0,EternalStorageProxy,1,1,8028888,9223372036854775807,true,8028888,blockscout_creation_tx_block_confirmed_by_reading_the_block_on_two_or_more_nodes,single_era_no_proxy_slot,contract_creation,none,blockscout_verified_source,0x2d05a6bd0ad793d9459975bf7760dcbfefa24baf8c7f70efa4aab6b52db668bb,abi_identical_bodies_unreviewed,measured_2026_09_24_union_of_published_artifact_onchain_registry_and_chain_index,plain contract. slots re-read at block 44239459
FUSE,122,Identity,gooddollar_owned,published+registry,0x2f9c28de9e6d44b71b91b8ba337a5d82e308e7be,0xf36b3394235965aa0605fb09eb319eb3586c9ed1,IdentityV2,1,4,22022901,22365120,false,22022901,blockscout_creation_tx_block_confirmed_by_reading_the_block_on_two_or_more_nodes,announcement_logs_only,announcement_log_only,Upgraded(address),blockscout_verified_source,0x4f2dde9da36f569ba703900471653202ceb84560492a6843cbae6909a9e0dfe9,abi_identical_bodies_unreviewed,measured_2026_09_24_union_of_published_artifact_onchain_registry_and_chain_index,eip1967 implementation slot
FUSE,122,Identity,gooddollar_owned,published+registry,0x2f9c28de9e6d44b71b91b8ba337a5d82e308e7be,0xc1956c99fd3209e30c0746dfd4d4f11d03cc0e9a,IdentityV2,2,4,22365120,38729068,false,22022901,blockscout_creation_tx_block_confirmed_by_reading_the_block_on_two_or_more_nodes,announcement_logs_only,announcement_log_only,Upgraded(address),blockscout_verified_source,0x004e7e548478ce0b95023a5c5c1f6b47db746932cb69b4ea1d8fc0d8fce9c843,abi_identical_bodies_unreviewed,measured_2026_09_24_union_of_published_artifact_onchain_registry_and_chain_index,eip1967 implementation slot
FUSE,122,Identity,gooddollar_owned,published+registry,0x2f9c28de9e6d44b71b91b8ba337a5d82e308e7be,0x4111a54797e11043def22c4a0240e1605fd7b719,IdentityV3,3,4,38729068,40887165,false,22022901,blockscout_creation_tx_block_confirmed_by_reading_the_block_on_two_or_more_nodes,announcement_logs_only,announcement_log_only,Upgraded(address),blockscout_verified_source,0x5055517bed3931aaf7fdba386b96fd4047da82a04291aa8c3fae3ee9a3811a27,abi_identical_bodies_unreviewed,measured_2026_09_24_union_of_published_artifact_onchain_registry_and_chain_index,eip1967 implementation slot
FUSE,122,Identity,gooddollar_owned,published+registry,0x2f9c28de9e6d44b71b91b8ba337a5d82e308e7be,0xfab5545b17d7e315f5c8b0f69cb81571c6ec436d,IdentityV4,4,4,40887165,9223372036854775807,true,22022901,blockscout_creation_tx_block_confirmed_by_reading_the_block_on_two_or_more_nodes,announcement_logs_only,announcement_log_only,Upgraded(address),blockscout_verified_source,0xb88131c06ca0eacac2f89760bcdfb43e25c34ce0a0a80b5a7d6f0cb66995e93c,abi_identical_bodies_unreviewed,measured_2026_09_24_union_of_published_artifact_onchain_registry_and_chain_index,eip1967 implementation slot. confirmed: The slot at the rolling pin holds 0xfab5545b17d7e315f5c8b0f69cb81571c6ec436d
FUSE,122,IdentityOld,gooddollar_owned,published,0xfa8d865a962ca8456df331d78806152d3ac5b84f,0xfa8d865a962ca8456df331d78806152d3ac5b84f,Identity,1,1,6246324,9223372036854775807,true,6246324,blockscout_creation_tx_block_confirmed_by_reading_the_block_on_two_or_more_nodes,single_era_no_proxy_slot,contract_creation,none,blockscout_verified_source,0x83c740a8ac588a566556553a334afdfded5add581f27efc0215d3ccfd842eaad,abi_identical_bodies_unreviewed,measured_2026_09_24_union_of_published_artifact_onchain_registry_and_chain_index,plain contract. slots re-read at block 44239459
FUSE,122,Invites,gooddollar_owned,published,0xca2f09c3ccfd7ad5cb9276918bd1868f2b922ea0,0xca2f09c3ccfd7ad5cb9276918bd1868f2b922ea0,uninitialised,1,13,8853311,9117508,false,8853311,blockscout_creation_tx_block_confirmed_by_reading_the_block_on_two_or_more_nodes,announcement_logs_only,contract_creation,none,none,,"proxy_deployed_without_an_implementation: The implementation slot read zero from the creation block until the next boundary, so only the events of the proxy contract itself can occur in this window",measured_2026_09_24_union_of_published_artifact_onchain_registry_and_chain_index,eip1967 implementation slot
FUSE,122,Invites,gooddollar_owned,published,0xca2f09c3ccfd7ad5cb9276918bd1868f2b922ea0,0x0e9c269afd9ee20a349507c61092f58a636a1ed3,InvitesV1,2,13,9117508,11656836,false,8853311,blockscout_creation_tx_block_confirmed_by_reading_the_block_on_two_or_more_nodes,announcement_logs_only,announcement_log_only,Upgraded(address),blockscout_verified_source,0xfbeb86b2899df3187344633457846e24a96059037e85ae12ee4e86d19d3e4344,abi_identical_bodies_unreviewed,measured_2026_09_24_union_of_published_artifact_onchain_registry_and_chain_index,eip1967 implementation slot
FUSE,122,Invites,gooddollar_owned,published,0xca2f09c3ccfd7ad5cb9276918bd1868f2b922ea0,0x0c8e02371de8c6ec3a261bd24a419beb19171558,InvitesV1,3,13,11656836,14140137,false,8853311,blockscout_creation_tx_block_confirmed_by_reading_the_block_on_two_or_more_nodes,announcement_logs_only,announcement_log_only,Upgraded(address),blockscout_verified_source,0x9f67a124f4c0343d454188abf9e0f52e163413efd83de49e16ac58ced2205115,abi_identical_bodies_unreviewed,measured_2026_09_24_union_of_published_artifact_onchain_registry_and_chain_index,eip1967 implementation slot
FUSE,122,Invites,gooddollar_owned,published,0xca2f09c3ccfd7ad5cb9276918bd1868f2b922ea0,0x1394a4658f88e40a6f7673136f533157dfb6ba20,InvitesV1,4,13,14140137,14208467,false,8853311,blockscout_creation_tx_block_confirmed_by_reading_the_block_on_two_or_more_nodes,announcement_logs_only,announcement_log_only,Upgraded(address),blockscout_verified_source,0x621d961ddc680d661939a30bed3d20b84d95b555dc153930c7770c6775278f74,abi_identical_bodies_unreviewed,measured_2026_09_24_union_of_published_artifact_onchain_registry_and_chain_index,eip1967 implementation slot
FUSE,122,Invites,gooddollar_owned,published,0xca2f09c3ccfd7ad5cb9276918bd1868f2b922ea0,0xdd45a44f2e11fb95d1be4ac41501ca0b8cd60de7,InvitesV1,5,13,14208467,16820893,false,8853311,blockscout_creation_tx_block_confirmed_by_reading_the_block_on_two_or_more_nodes,announcement_logs_only,announcement_log_only,Upgraded(address),blockscout_verified_source,0x6c2bbf91f0f6e7c0370a02ac530857699d87c4ab4981bf910c2b09d5c3c1c8d7,abi_identical_bodies_unreviewed,measured_2026_09_24_union_of_published_artifact_onchain_registry_and_chain_index,eip1967 implementation slot
FUSE,122,Invites,gooddollar_owned,published,0xca2f09c3ccfd7ad5cb9276918bd1868f2b922ea0,0xd97ecd0487293e0e2b0b52f37eeb2951d69d43f0,InvitesV1,6,13,16820893,16821011,false,8853311,blockscout_creation_tx_block_confirmed_by_reading_the_block_on_two_or_more_nodes,announcement_logs_only,announcement_log_only,Upgraded(address),blockscout_verified_source,0x6aebe73bfaff44b2528c9143aa08ed9e1e1e4e221283b2ee227b06912150f1ab,abi_identical_bodies_unreviewed,measured_2026_09_24_union_of_published_artifact_onchain_registry_and_chain_index,eip1967 implementation slot
FUSE,122,Invites,gooddollar_owned,published,0xca2f09c3ccfd7ad5cb9276918bd1868f2b922ea0,0x3ac09cfaa27c830693c55d5454ca39ced7b9cf3a,InvitesV1,7,13,16821011,22038741,false,8853311,blockscout_creation_tx_block_confirmed_by_reading_the_block_on_two_or_more_nodes,announcement_logs_only,announcement_log_only,Upgraded(address),blockscout_verified_source,0x5bb2bc7ec822c0ef08bb205d62c6d58f1dd3bc0456401ddca6bb10a299d350ea,abi_identical_bodies_unreviewed,measured_2026_09_24_union_of_published_artifact_onchain_registry_and_chain_index,eip1967 implementation slot
FUSE,122,Invites,gooddollar_owned,published,0xca2f09c3ccfd7ad5cb9276918bd1868f2b922ea0,0x4461384c11a73948ab62fd489478f7bbc3166528,InvitesFuseV2,8,13,22038741,22592960,false,8853311,blockscout_creation_tx_block_confirmed_by_reading_the_block_on_two_or_more_nodes,announcement_logs_only,announcement_log_only,Upgraded(address),blockscout_verified_source,0x7f8487911e5572fc99bad7bb765a3407aff0745246d320a31e8b5618966e3e04,abi_identical_bodies_unreviewed,measured_2026_09_24_union_of_published_artifact_onchain_registry_and_chain_index,eip1967 implementation slot
FUSE,122,Invites,gooddollar_owned,published,0xca2f09c3ccfd7ad5cb9276918bd1868f2b922ea0,0xc5a2c8c6dbac1f1c934f9651733758ff3ba06345,InvitesFuseV2,9,13,22592960,22810725,false,8853311,blockscout_creation_tx_block_confirmed_by_reading_the_block_on_two_or_more_nodes,announcement_logs_only,announcement_log_only,Upgraded(address),blockscout_verified_source,0xbecdca30eb58e2a3bc2719c1829409b4fff6044fa88d5bab869382dac185ac73,abi_identical_bodies_unreviewed,measured_2026_09_24_union_of_published_artifact_onchain_registry_and_chain_index,eip1967 implementation slot
FUSE,122,Invites,gooddollar_owned,published,0xca2f09c3ccfd7ad5cb9276918bd1868f2b922ea0,0x618dc4c8f5aa433b6c8e03da1e69d299c6c49ef6,InvitesFuseV2,10,13,22810725,24219845,false,8853311,blockscout_creation_tx_block_confirmed_by_reading_the_block_on_two_or_more_nodes,announcement_logs_only,announcement_log_only,Upgraded(address),blockscout_verified_source,0x5297a1637435daa8cf4a158b7563506883c6ddffb65ffac0460c3e2df124da05,abi_identical_bodies_unreviewed,measured_2026_09_24_union_of_published_artifact_onchain_registry_and_chain_index,eip1967 implementation slot
FUSE,122,Invites,gooddollar_owned,published,0xca2f09c3ccfd7ad5cb9276918bd1868f2b922ea0,0x4072cb2d7e95def1559f6f72491039fe0534fa37,InvitesFuseV2,11,13,24219845,25470784,false,8853311,blockscout_creation_tx_block_confirmed_by_reading_the_block_on_two_or_more_nodes,announcement_logs_only,announcement_log_only,Upgraded(address),blockscout_verified_source,0x6b19fd3a33c6bbe6439c35d77bdb8c10a43bf746b45f034d4241d22f8f4c0453,abi_identical_bodies_unreviewed,measured_2026_09_24_union_of_published_artifact_onchain_registry_and_chain_index,eip1967 implementation slot
FUSE,122,Invites,gooddollar_owned,published,0xca2f09c3ccfd7ad5cb9276918bd1868f2b922ea0,0xef577898972e72c7bc03791d22f79c0056917517,unknown,12,13,25470784,25470814,false,8853311,blockscout_creation_tx_block_confirmed_by_reading_the_block_on_two_or_more_nodes,announcement_logs_only,announcement_log_only,Upgraded(address),none,0x4d6d28c57b14136bfc1ee4e0eedcb8767c6d91b05fa14abad67006c0fac6722f,"no_verified_abi: The event surface for this era is UNKNOWN, which is not the same as empty",measured_2026_09_24_union_of_published_artifact_onchain_registry_and_chain_index,eip1967 implementation slot
FUSE,122,Invites,gooddollar_owned,published,0xca2f09c3ccfd7ad5cb9276918bd1868f2b922ea0,0x502aa6663621759d299f15bd967d53431daa9503,InvitesFuseV2,13,13,25470814,9223372036854775807,true,8853311,blockscout_creation_tx_block_confirmed_by_reading_the_block_on_two_or_more_nodes,announcement_logs_only,announcement_log_only,Upgraded(address),blockscout_verified_source,0xddbdc81478111ab6a561e0e747fc450e1d33930594566ffd7f3526168c74b222,abi_identical_bodies_unreviewed,measured_2026_09_24_union_of_published_artifact_onchain_registry_and_chain_index,eip1967 implementation slot. confirmed: The slot at the rolling pin holds 0x502aa6663621759d299f15bd967d53431daa9503
FUSE,122,MpbBridge,gooddollar_owned,published+registry,0xa3247276dbcc76dd7705273f766eb3e8a5ecf4a5,0xa3247276dbcc76dd7705273f766eb3e8a5ecf4a5,uninitialised,1,6,25464921,25464924,false,25464921,blockscout_creation_tx_block_confirmed_by_reading_the_block_on_two_or_more_nodes,announcement_logs_only,contract_creation,none,none,,"proxy_deployed_without_an_implementation: The implementation slot read zero from the creation block until the next boundary, so only the events of the proxy contract itself can occur in this window",measured_2026_09_24_union_of_published_artifact_onchain_registry_and_chain_index,eip1967 implementation slot
FUSE,122,MpbBridge,gooddollar_owned,published+registry,0xa3247276dbcc76dd7705273f766eb3e8a5ecf4a5,0xd3b5bfdacb042a89bbabad2376aa1a923b365a14,MessagePassingBridge,2,6,25464924,34980099,false,25464921,blockscout_creation_tx_block_confirmed_by_reading_the_block_on_two_or_more_nodes,announcement_logs_only,announcement_log_only,Upgraded(address),blockscout_verified_source,0x708c90e202c4b8508c0c7ade2ea51ebfc5ec98b2f7ff38060bb2490c8823124e,abi_identical_bodies_unreviewed,measured_2026_09_24_union_of_published_artifact_onchain_registry_and_chain_index,eip1967 implementation slot
FUSE,122,MpbBridge,gooddollar_owned,published+registry,0xa3247276dbcc76dd7705273f766eb3e8a5ecf4a5,0xfcd61ccb982ce77192e3d18a5ae3326dce0b6874,MessagePassingBridge,3,6,34980099,38729068,false,25464921,blockscout_creation_tx_block_confirmed_by_reading_the_block_on_two_or_more_nodes,announcement_logs_only,announcement_log_only,Upgraded(address),blockscout_verified_source,0xf68c6a526808dc147f00d3f891c6f32a37abeaeb4332cc83fde6ba1fd6e0e240,abi_identical_bodies_unreviewed,measured_2026_09_24_union_of_published_artifact_onchain_registry_and_chain_index,eip1967 implementation slot
FUSE,122,MpbBridge,gooddollar_owned,published+registry,0xa3247276dbcc76dd7705273f766eb3e8a5ecf4a5,0x6f252280eb53df085ead27bbe55d615741a8268d,MessagePassingBridge,4,6,38729068,39455704,false,25464921,blockscout_creation_tx_block_confirmed_by_reading_the_block_on_two_or_more_nodes,announcement_logs_only,announcement_log_only,Upgraded(address),blockscout_verified_source,0x5046d22320e05430d464b6c2f01533594448d625c0c6554a3f5529895c582d49,abi_identical_bodies_unreviewed,measured_2026_09_24_union_of_published_artifact_onchain_registry_and_chain_index,eip1967 implementation slot
FUSE,122,MpbBridge,gooddollar_owned,published+registry,0xa3247276dbcc76dd7705273f766eb3e8a5ecf4a5,0xfb62aa509a7b260b6697b671c969a184d6c39e90,MessagePassingBridge,5,6,39455704,40887165,false,25464921,blockscout_creation_tx_block_confirmed_by_reading_the_block_on_two_or_more_nodes,announcement_logs_only,announcement_log_only,Upgraded(address),blockscout_verified_source,0xbe09161676ba22506d184c3b979a289bec312079fc94c338763b5431a0def5bd,abi_identical_bodies_unreviewed,measured_2026_09_24_union_of_published_artifact_onchain_registry_and_chain_index,eip1967 implementation slot
FUSE,122,MpbBridge,gooddollar_owned,published+registry,0xa3247276dbcc76dd7705273f766eb3e8a5ecf4a5,0xcac4215c57ef199210e759af92bcad012f61e7a1,MessagePassingBridge,6,6,40887165,9223372036854775807,true,25464921,blockscout_creation_tx_block_confirmed_by_reading_the_block_on_two_or_more_nodes,announcement_logs_only,announcement_log_only,Upgraded(address),blockscout_verified_source,0x186ca006b94443015386d2fb2eccec5b0932885d174449a97dd1b54900041b3b,abi_identical_bodies_unreviewed,measured_2026_09_24_union_of_published_artifact_onchain_registry_and_chain_index,eip1967 implementation slot. confirmed: The slot at the rolling pin holds 0xcac4215c57ef199210e759af92bcad012f61e7a1
FUSE,122,MultichainRouter,third_party_infrastructure,published,0x735abe48e8782948a37c7765ecb76b98cde97b0f,0x735abe48e8782948a37c7765ecb76b98cde97b0f,AnyswapV6Router,1,1,21863761,9223372036854775807,true,21863761,blockscout_creation_tx_block_confirmed_by_reading_the_block_on_two_or_more_nodes,single_era_no_proxy_slot,contract_creation,none,blockscout_verified_source,0xc309902226a63a7279065be321792f1669adb7b0c96a2909e587aafcb59715ee,abi_identical_bodies_unreviewed,measured_2026_09_24_union_of_published_artifact_onchain_registry_and_chain_index,plain contract. slots re-read at block 44239453
FUSE,122,NameService,gooddollar_owned,published,0xec6dce387b1616a0c44ff2e4fa9e90e53cf14eb0,0xba3f1ba4eb215204385107e76c11894b876ecf40,NameService,1,1,15740314,9223372036854775807,true,15740314,blockscout_creation_tx_block_confirmed_by_reading_the_block_on_two_or_more_nodes,announcement_logs_only,announcement_log_only,Upgraded(address),blockscout_verified_source,0x14430756d9064b0f9d3f50f024ec5de5fcef5dcaa35d6c79da463848fb687aa3,abi_identical_bodies_unreviewed,measured_2026_09_24_union_of_published_artifact_onchain_registry_and_chain_index,eip1967 implementation slot. confirmed: The slot at the rolling pin holds 0xba3f1ba4eb215204385107e76c11894b876ecf40
FUSE,122,OneTimePayments,gooddollar_owned,published,0xd9aa86e0ddb932bd78ab8c71c1b98f83cf610bd4,0xd9aa86e0ddb932bd78ab8c71c1b98f83cf610bd4,OneTimePayments,1,1,6248705,9223372036854775807,true,6248705,blockscout_creation_tx_block_confirmed_by_reading_the_block_on_two_or_more_nodes,single_era_no_proxy_slot,contract_creation,none,blockscout_verified_source,0xe7a0e7797844d5adccfdac8ad5cec77c4c9484ada37964b99178f29a4265132d,abi_identical_bodies_unreviewed,measured_2026_09_24_union_of_published_artifact_onchain_registry_and_chain_index,plain contract. slots re-read at block 44239459
FUSE,122,ProtocolUpgradeFuseRecover,gooddollar_owned,published,0xbe43ecb37af7f7c4a8606e672c504be55fc6226b,,unknown,1,0,,,false,,"not applicable, no code is deployed at this address",no_code_deployed,none,none,none,,no_code_at_pinned_block: A published artifact or the registry names this address and nothing is deployed there,measured_2026_09_24_union_of_published_artifact_onchain_registry_and_chain_index,read at block 44228002
FUSE,122,ProxyAdmin,gooddollar_owned,published,0x57179b2a8eb019157b0c3e761cdb26c82c982a3b,0x57179b2a8eb019157b0c3e761cdb26c82c982a3b,ProxyAdmin,1,1,8815067,9223372036854775807,true,8815067,blockscout_creation_tx_block_confirmed_by_reading_the_block_on_two_or_more_nodes,single_era_no_proxy_slot,contract_creation,none,blockscout_verified_source,0x2b57f0728a5ffe03a475faab83005c468d0f669c0a473f87425e3edb6101ec8a,abi_identical_bodies_unreviewed,measured_2026_09_24_union_of_published_artifact_onchain_registry_and_chain_index,plain contract. slots re-read at block 44239453
FUSE,122,ProxyFactory,gooddollar_owned,published,0xda85fced9bd193526b7667f2ad1fd4a0f900d3a7,0xda85fced9bd193526b7667f2ad1fd4a0f900d3a7,ProxyFactory1967,1,1,15740066,9223372036854775807,true,15740066,blockscout_creation_tx_block_confirmed_by_reading_the_block_on_two_or_more_nodes,single_era_no_proxy_slot,contract_creation,none,blockscout_verified_source,0x1a30c8ca34283aa6a8722d626c290a575108a1e4d7d018db6faf46c77e1f19a3,abi_identical_bodies_unreviewed,measured_2026_09_24_union_of_published_artifact_onchain_registry_and_chain_index,plain contract. slots re-read at block 44239459
FUSE,122,UBIScheme,gooddollar_owned,published+registry,0xd253a5203817225e9768c05e5996d642fb96ba86,0xfaa48a6b603985a507f18ad7f453f784f1faa025,UBIScheme,1,13,15747401,15748014,false,15747401,blockscout_creation_tx_block_confirmed_by_reading_the_block_on_two_or_more_nodes,announcement_logs_only,announcement_log_only,Upgraded(address),blockscout_verified_source,0x26e78908c4cd0f264d2e1d3b0dbf5a7bd6e299f0dd31bc7a9dd1c9e67a81af16,abi_identical_bodies_unreviewed,measured_2026_09_24_union_of_published_artifact_onchain_registry_and_chain_index,eip1967 implementation slot
FUSE,122,UBIScheme,gooddollar_owned,published+registry,0xd253a5203817225e9768c05e5996d642fb96ba86,0xf288e44c7e5baa05b2de9d916e53b67c183e46e0,UBIScheme,2,13,15748014,15750751,false,15747401,blockscout_creation_tx_block_confirmed_by_reading_the_block_on_two_or_more_nodes,announcement_logs_only,announcement_log_only,Upgraded(address),blockscout_verified_source,0xf628c8c1cf0d0d53ec9c88e85dfb422ffc89839541a89fac1efe9c0f2ae3dd37,abi_identical_bodies_unreviewed,measured_2026_09_24_union_of_published_artifact_onchain_registry_and_chain_index,eip1967 implementation slot
FUSE,122,UBIScheme,gooddollar_owned,published+registry,0xd253a5203817225e9768c05e5996d642fb96ba86,0x0d7014649e6f5979d2a09a3d3ad2d3ae3eefb42e,unknown,3,13,15750751,15750869,false,15747401,blockscout_creation_tx_block_confirmed_by_reading_the_block_on_two_or_more_nodes,announcement_logs_only,announcement_log_only,Upgraded(address),none,0x670e3daf264fd6c903e42b79bf8ccc5e76dcf5dc5513430d325dc3d43edb9c1c,"no_verified_abi: The event surface for this era is UNKNOWN, which is not the same as empty",measured_2026_09_24_union_of_published_artifact_onchain_registry_and_chain_index,eip1967 implementation slot
FUSE,122,UBIScheme,gooddollar_owned,published+registry,0xd253a5203817225e9768c05e5996d642fb96ba86,0x8294378a45b52389d45b623d0191f7285f4f047f,unknown,4,13,15750869,15750920,false,15747401,blockscout_creation_tx_block_confirmed_by_reading_the_block_on_two_or_more_nodes,announcement_logs_only,announcement_log_only,Upgraded(address),none,0x3129f20edac3fba2d1542b9dac36cff87ee84fbea1be91bccd2b57d2228469d9,"no_verified_abi: The event surface for this era is UNKNOWN, which is not the same as empty",measured_2026_09_24_union_of_published_artifact_onchain_registry_and_chain_index,eip1967 implementation slot
FUSE,122,UBIScheme,gooddollar_owned,published+registry,0xd253a5203817225e9768c05e5996d642fb96ba86,0xa99ba154223052b8c5fd92b3f5df9eb08b72d5fc,unknown,5,13,15750920,15750929,false,15747401,blockscout_creation_tx_block_confirmed_by_reading_the_block_on_two_or_more_nodes,announcement_logs_only,announcement_log_only,Upgraded(address),none,0x3bf18751bd05d7d99b711df861d2e6d3b5c2906bf8a92a9421bb58b30438007e,"no_verified_abi: The event surface for this era is UNKNOWN, which is not the same as empty",measured_2026_09_24_union_of_published_artifact_onchain_registry_and_chain_index,eip1967 implementation slot
FUSE,122,UBIScheme,gooddollar_owned,published+registry,0xd253a5203817225e9768c05e5996d642fb96ba86,0x8294378a45b52389d45b623d0191f7285f4f047f,unknown,6,13,15750929,15751049,false,15747401,blockscout_creation_tx_block_confirmed_by_reading_the_block_on_two_or_more_nodes,announcement_logs_only,announcement_log_only,Upgraded(address),none,0x3129f20edac3fba2d1542b9dac36cff87ee84fbea1be91bccd2b57d2228469d9,"no_verified_abi: The event surface for this era is UNKNOWN, which is not the same as empty",measured_2026_09_24_union_of_published_artifact_onchain_registry_and_chain_index,eip1967 implementation slot
FUSE,122,UBIScheme,gooddollar_owned,published+registry,0xd253a5203817225e9768c05e5996d642fb96ba86,0x76eb96616514adac35152155bbc614272f0601b3,UBIScheme,7,13,15751049,17896941,false,15747401,blockscout_creation_tx_block_confirmed_by_reading_the_block_on_two_or_more_nodes,announcement_logs_only,announcement_log_only,Upgraded(address),blockscout_verified_source,0x678b37494b483f090daecee4968024b0b4f3f6db76535944386d9888832377d0,abi_identical_bodies_unreviewed,measured_2026_09_24_union_of_published_artifact_onchain_registry_and_chain_index,eip1967 implementation slot
FUSE,122,UBIScheme,gooddollar_owned,published+registry,0xd253a5203817225e9768c05e5996d642fb96ba86,0x11f077ae87952948de96b975a805ebaa20eada12,unknown,8,13,17896941,17913778,false,15747401,blockscout_creation_tx_block_confirmed_by_reading_the_block_on_two_or_more_nodes,announcement_logs_only,announcement_log_only,Upgraded(address),none,0xadd201c864e8059b8c41a9ad02cc803533813245ef715215bf5f9334da97391f,"no_verified_abi: The event surface for this era is UNKNOWN, which is not the same as empty",measured_2026_09_24_union_of_published_artifact_onchain_registry_and_chain_index,eip1967 implementation slot
FUSE,122,UBIScheme,gooddollar_owned,published+registry,0xd253a5203817225e9768c05e5996d642fb96ba86,0x306cd90bfefb7e409f089a1bde1aa77bbc4cb660,UBIScheme,9,13,17913778,17913899,false,15747401,blockscout_creation_tx_block_confirmed_by_reading_the_block_on_two_or_more_nodes,announcement_logs_only,announcement_log_only,Upgraded(address),blockscout_verified_source,0x1639c60ee4892fbabcfd640f63fb854c7888f340eb2ef9d2b3dcd2996dae01a5,abi_identical_bodies_unreviewed,measured_2026_09_24_union_of_published_artifact_onchain_registry_and_chain_index,eip1967 implementation slot
FUSE,122,UBIScheme,gooddollar_owned,published+registry,0xd253a5203817225e9768c05e5996d642fb96ba86,0xb22764dce0960b61c5a8d688f075857632917a93,UBIScheme,10,13,17913899,17927761,false,15747401,blockscout_creation_tx_block_confirmed_by_reading_the_block_on_two_or_more_nodes,announcement_logs_only,announcement_log_only,Upgraded(address),blockscout_verified_source,0x75360d28f3bde7f7e61b820000583ffeacfa138af7360b858b4d4ad0c61f069e,abi_identical_bodies_unreviewed,measured_2026_09_24_union_of_published_artifact_onchain_registry_and_chain_index,eip1967 implementation slot
FUSE,122,UBIScheme,gooddollar_owned,published+registry,0xd253a5203817225e9768c05e5996d642fb96ba86,0xbb6dff610ecbea25a6c57b086ef92c6724306a76,UBIScheme,11,13,17927761,25635053,false,15747401,blockscout_creation_tx_block_confirmed_by_reading_the_block_on_two_or_more_nodes,announcement_logs_only,announcement_log_only,Upgraded(address),blockscout_verified_source,0xa2242ec4a9520cb7f7a978505ed5821044cc7a5cfbcee7138618130510da306d,abi_identical_bodies_unreviewed,measured_2026_09_24_union_of_published_artifact_onchain_registry_and_chain_index,eip1967 implementation slot
FUSE,122,UBIScheme,gooddollar_owned,published+registry,0xd253a5203817225e9768c05e5996d642fb96ba86,0x1c90f733e1724bd1db47f84cde4f9e83087cfb6d,UBIScheme,12,13,25635053,38729068,false,15747401,blockscout_creation_tx_block_confirmed_by_reading_the_block_on_two_or_more_nodes,announcement_logs_only,announcement_log_only,Upgraded(address),blockscout_verified_source,0xff3d518029b7db924159838cb0e890a960865d2861529e2208f87efdcc373d98,abi_identical_bodies_unreviewed,measured_2026_09_24_union_of_published_artifact_onchain_registry_and_chain_index,eip1967 implementation slot
FUSE,122,UBIScheme,gooddollar_owned,published+registry,0xd253a5203817225e9768c05e5996d642fb96ba86,0xc41d596a21965c8a28c1ae43ee8a0d2e66c4d961,UBISchemeV2,13,13,38729068,9223372036854775807,true,15747401,blockscout_creation_tx_block_confirmed_by_reading_the_block_on_two_or_more_nodes,announcement_logs_only,announcement_log_only,Upgraded(address),blockscout_verified_source,0x409fd8ecff99ab5fb8082d4f683259854d7ee0af6b66ce8c5dab16ecd3a2f47b,abi_identical_bodies_unreviewed,measured_2026_09_24_union_of_published_artifact_onchain_registry_and_chain_index,eip1967 implementation slot. confirmed: The slot at the rolling pin holds 0xc41d596a21965c8a28c1ae43ee8a0d2e66c4d961
XDC,50,AdminWallet,gooddollar_owned,published,0x66fc1be551f752706130b6f54d84141f8c2ae8bb,0xa7f4717bf6e7d27d7c855d5f4a869e96bd16d873,AdminWallet,1,2,95144743,95866130,false,95144743,explorer_index_and_state_read_agree,bisection_and_announcement_union,announcement_log_only,Upgraded(address),etherscan_v2_verified_source,0x9e231a1f32074c2535d1793d1a863dbe4ddb5438f6f6ef526fd87ab683dff181,abi_identical_bodies_unreviewed,measured_2026_09_24_union_of_published_artifact_onchain_registry_and_chain_index,eip1967 implementation slot
XDC,50,AdminWallet,gooddollar_owned,published,0x66fc1be551f752706130b6f54d84141f8c2ae8bb,0x68dbe795ee2219437299bb23d70311e3b7c69f9a,AdminWallet,2,2,95866130,9223372036854775807,true,95144743,explorer_index_and_state_read_agree,bisection_and_announcement_union,slot_bisection_and_announcement_log,Upgraded(address),etherscan_v2_verified_source,0xb18bdf42222c3100c99f40bbb2fe56734e863977f1beebe0527148d2b44b70b5,abi_identical_bodies_unreviewed,measured_2026_09_24_union_of_published_artifact_onchain_registry_and_chain_index,eip1967 implementation slot
XDC,50,Avatar,gooddollar_owned,published+registry,0x21eac3fe218307bee0463f77ebca3b50f452c0ce,0x21eac3fe218307bee0463f77ebca3b50f452c0ce,Avatar,1,1,95143598,9223372036854775807,true,95143598,explorer_index_and_state_read_agree,single_era_no_proxy_slot,contract_creation,none,etherscan_v2_verified_source,0x8a27316984da83331e574723efd0810faf4d7065f3037b8778d9c572ea49c6d8,abi_identical_bodies_unreviewed,measured_2026_09_24_union_of_published_artifact_onchain_registry_and_chain_index,plain contract. slots re-read at block 107576851
XDC,50,BulkWhitelist,gooddollar_owned,published,0xe8861a20452db53df685f1d9e6b7017de3db0e46,0xe8861a20452db53df685f1d9e6b7017de3db0e46,BulkWhitelist,1,1,97033779,9223372036854775807,true,97033779,explorer_index_and_state_read_agree,single_era_no_proxy_slot,contract_creation,none,etherscan_v2_verified_source,0x554fc53842f02a76351be11bad71cbd6ff31cbd4a8b4c0513f068e12527fb720,abi_identical_bodies_unreviewed,measured_2026_09_24_union_of_published_artifact_onchain_registry_and_chain_index,plain contract. slots re-read at block 107576851
XDC,50,Controller,gooddollar_owned,published+registry,0x75a8be0c2deaded8fc9eceb5f01ad0b979b7ad03,0x75a8be0c2deaded8fc9eceb5f01ad0b979b7ad03,Controller,1,1,95143598,9223372036854775807,true,95143598,explorer_index_and_state_read_agree,single_era_no_proxy_slot,contract_creation,none,etherscan_v2_verified_source,0x1cce4814ac502cec7e982e73d29bdc95e9094476ba971b6777f8abd4a415fc26,abi_identical_bodies_unreviewed,measured_2026_09_24_union_of_published_artifact_onchain_registry_and_chain_index,plain contract. slots re-read at block 107576851
XDC,50,CUSD,third_party_token,published,0xfa2958cb79b0491cc627c1557f441ef849ca8eb1,0x9ddb959f04b7075aaccd28e2e5c5c113469c534b,FiatTokenV2_2,1,1,92678020,9223372036854775807,true,92678020,explorer_index_and_state_read_agree,bisection_and_announcement_union,announcement_log_only,Upgraded(address),etherscan_v2_verified_source,0x231f4b29fe5be8f3ae57a88ce9c67fed31128c6588cd35e4da397f04f6cbc1c3,abi_identical_bodies_unreviewed,measured_2026_09_24_union_of_published_artifact_onchain_registry_and_chain_index,zeppelinos pre 1967 slot
XDC,50,DAOCreator,gooddollar_owned,published,0xa2b9993d198904e4bdce48379fdff65405607f42,,unknown,1,0,,,false,,"not applicable, no code is deployed at this address",no_code_deployed,none,none,none,,no_code_at_pinned_block: A published artifact or the registry names this address and nothing is deployed there,measured_2026_09_24_union_of_published_artifact_onchain_registry_and_chain_index,read at block 107576851
XDC,50,DistributionHelper,gooddollar_owned,published+registry,0xb8a0d4b97327a0b6dd0705dc290ae26aa38a7d2b,0x971fdacd201cdaa741db06d580eb634b02307926,GenericDistributionHelper,1,1,100111925,9223372036854775807,true,100111925,explorer_index_and_state_read_agree,bisection_and_announcement_union,announcement_log_only,Upgraded(address),etherscan_v2_verified_source,0x409c0dc6ff42f770c99147d26af9e12a6f90e807bf198937bfe5a59f0179116c,abi_identical_bodies_unreviewed,measured_2026_09_24_union_of_published_artifact_onchain_registry_and_chain_index,eip1967 implementation slot
XDC,50,Faucet,gooddollar_owned,published,0x7344da1be296f03fbb8082adac5696058b5a9bd9,0x9fc57c2aa7230ff041a39c64c67e3d38c3c6621a,Faucet,1,3,95144750,95325786,false,95144750,explorer_index_and_state_read_agree,bisection_and_announcement_union,announcement_log_only,Upgraded(address),etherscan_v2_verified_source,0x3072e58a72b2536637e3827c180dc2763faaeb267035deec1436b343afedb4c6,abi_identical_bodies_unreviewed,measured_2026_09_24_union_of_published_artifact_onchain_registry_and_chain_index,eip1967 implementation slot
XDC,50,Faucet,gooddollar_owned,published,0x7344da1be296f03fbb8082adac5696058b5a9bd9,0xb6739a9dd61b0deff7cfb24cad220d70f948dbee,Faucet,2,3,95325786,95327264,false,95144750,explorer_index_and_state_read_agree,bisection_and_announcement_union,slot_bisection_and_announcement_log,Upgraded(address),etherscan_v2_verified_source,0x68755099f25764af194ff16c1f4a6fd14bdd4bd89a1c3f6832649a36508e6533,abi_identical_bodies_unreviewed,measured_2026_09_24_union_of_published_artifact_onchain_registry_and_chain_index,eip1967 implementation slot
XDC,50,Faucet,gooddollar_owned,published,0x7344da1be296f03fbb8082adac5696058b5a9bd9,0x1c3e0cfb6c316188789ad7f4c1e2fd56dd902214,Faucet,3,3,95327264,9223372036854775807,true,95144750,explorer_index_and_state_read_agree,bisection_and_announcement_union,slot_bisection_and_announcement_log,Upgraded(address),etherscan_v2_verified_source,0xe8429a22753ce3f82c856a7f5dee88264782d956d615db983d0cd5ec8e9fb325,abi_identical_bodies_unreviewed,measured_2026_09_24_union_of_published_artifact_onchain_registry_and_chain_index,eip1967 implementation slot
XDC,50,FeeFormula,gooddollar_owned,published,0xf4e9af892a09f04b7408266777198206e7f80d46,0xf4e9af892a09f04b7408266777198206e7f80d46,FeeFormula,1,1,95143060,9223372036854775807,true,95143060,explorer_index_and_state_read_agree,single_era_no_proxy_slot,contract_creation,none,etherscan_v2_verified_source,0xb10599b90c45878333139dfa098974b8df30eba5596654ef05c46daa2a6f0847,abi_identical_bodies_unreviewed,measured_2026_09_24_union_of_published_artifact_onchain_registry_and_chain_index,plain contract. slots re-read at block 107576851
XDC,50,GoodDollar,gooddollar_owned,published+registry,0xec2136843a983885aebf2feb3931f73a8ebee50c,0x0000000000000000000000000000000000000000,uninitialised,1,3,95143070,95143245,false,95143070,explorer_index_and_state_read_agree,bisection_and_announcement_union,contract_creation,none,none,,"proxy_deployed_without_an_implementation: The implementation slot read zero from the creation block until the next boundary, so only the events of the proxy contract itself can occur in this window",measured_2026_09_24_union_of_published_artifact_onchain_registry_and_chain_index,eip1967 implementation slot
XDC,50,GoodDollar,gooddollar_owned,published+registry,0xec2136843a983885aebf2feb3931f73a8ebee50c,0x6936441113610483cc5b6a7adec4b45303b297a9,SuperGoodDollar,2,3,95143245,107529281,false,95143070,explorer_index_and_state_read_agree,bisection_and_announcement_union,slot_bisection_only,none,etherscan_v2_verified_source,0xf1ef96de94aefc5848537637a56767402734cf35f4763e1f4e326c3e56ee457a,abi_identical_bodies_unreviewed,measured_2026_09_24_union_of_published_artifact_onchain_registry_and_chain_index,eip1967 implementation slot
XDC,50,GoodDollar,gooddollar_owned,published+registry,0xec2136843a983885aebf2feb3931f73a8ebee50c,0x1db2f592014a9394604bf6381f025754579547ec,SuperGoodDollar,3,3,107529281,9223372036854775807,true,95143070,explorer_index_and_state_read_agree,bisection_and_announcement_union,slot_bisection_and_announcement_log,"CodeUpdated(bytes32,address)",etherscan_v2_verified_source,0x2157adffb2622cfac69e299e2de636551391eddba892b5dd0c1b9f6469bb38f5,abi_identical_bodies_unreviewed,measured_2026_09_24_union_of_published_artifact_onchain_registry_and_chain_index,eip1967 implementation slot
XDC,50,GuardiansSafe,gooddollar_owned_safe,published,0xe0c5daa7cc6f88d29505f702a53bb5e67600e7ec,0xe0c5daa7cc6f88d29505f702a53bb5e67600e7ec,GnosisSafeProxy,1,1,95134102,9223372036854775807,true,95134102,explorer_index_and_state_read_agree,single_era_no_proxy_slot,contract_creation,none,etherscan_v2_verified_source,0xb89c1b3bdf2cf8827818646bce9a8f6e372885f8c55e5c07acbd307cb133b000,abi_identical_bodies_unreviewed,measured_2026_09_24_union_of_published_artifact_onchain_registry_and_chain_index,plain contract. slots re-read at block 107576851
XDC,50,Identity,gooddollar_owned,published+registry,0x27a4a02c9ed591e1a86e2e5d05870292c34622c9,0x284a775f971c58c93cc5ee2a09a5f3496af9b11d,IdentityV3,1,2,95143058,100340676,false,95143058,explorer_index_and_state_read_agree,bisection_and_announcement_union,announcement_log_only,Upgraded(address),etherscan_v2_verified_source,0x01ec062dc685b7aec5b7e7574302648c016d25423b86a8a999cbf05ee6ed3a85,abi_identical_bodies_unreviewed,measured_2026_09_24_union_of_published_artifact_onchain_registry_and_chain_index,eip1967 implementation slot
XDC,50,Identity,gooddollar_owned,published+registry,0x27a4a02c9ed591e1a86e2e5d05870292c34622c9,0x28830934ad2146e7a273fd394f706571c2d09373,IdentityV4,2,2,100340676,9223372036854775807,true,95143058,explorer_index_and_state_read_agree,bisection_and_announcement_union,slot_bisection_and_announcement_log,Upgraded(address),etherscan_v2_verified_source,0x307c50e010de98eed4870743567fd1ad954811f59b99752b709dc18bbf868eab,abi_identical_bodies_unreviewed,measured_2026_09_24_union_of_published_artifact_onchain_registry_and_chain_index,eip1967 implementation slot
XDC,50,Invites,gooddollar_owned,published,0x6bd698566632bf2e81e2278f1656cb24aaf06d2e,0xb22bb27d920a4efdafaa03a51e8a4c41e4cc4217,InvitesV2,1,2,95144756,100123036,false,95144756,explorer_index_and_state_read_agree,bisection_and_announcement_union,announcement_log_only,Upgraded(address),etherscan_v2_verified_source,0x5da156e5a7ff212885d03e8f52531c50f273d7b9410a07177379859562a5acc5,abi_identical_bodies_unreviewed,measured_2026_09_24_union_of_published_artifact_onchain_registry_and_chain_index,eip1967 implementation slot
XDC,50,Invites,gooddollar_owned,published,0x6bd698566632bf2e81e2278f1656cb24aaf06d2e,0x783548481a6ca92b6589365161b31e3ed64d0c3c,InvitesV2,2,2,100123036,9223372036854775807,true,95144756,explorer_index_and_state_read_agree,bisection_and_announcement_union,slot_bisection_and_announcement_log,Upgraded(address),etherscan_v2_verified_source,0x9c0c0028170b3295f0555171e63b4150b56b7ec427b9f26eb0c21a8dd7662df5,abi_identical_bodies_unreviewed,measured_2026_09_24_union_of_published_artifact_onchain_registry_and_chain_index,eip1967 implementation slot
XDC,50,MentoBroker,third_party_mento,published,0x88de45906d4f5a57315c133620cfa484cb297541,0xc22505d3a6ae087c0bd4715a56c38b7a029477b2,Broker,1,2,100091095,100340676,false,100091095,explorer_index_and_state_read_agree,bisection_and_announcement_union,announcement_log_only,Upgraded(address),bytecode_equality_with_celo_0xc22505d3a6ae087c0bd4715a56c38b7a029477b2,0x58558a86a3aced5b23ae279244bd285f68c9d6d0a20cf283b7a40a0784697831,abi_identical_bodies_unreviewed,measured_2026_09_24_union_of_published_artifact_onchain_registry_and_chain_index,"eip1967 implementation slot. bisection says 0xc22505d3a6ae087c0bd4715a56c38b7a029477b2, announcement says 0xc69ae3550e25c7ab28301b9bf75f20f5af47b7d2"
XDC,50,MentoBroker,third_party_mento,published,0x88de45906d4f5a57315c133620cfa484cb297541,0xc69ae3550e25c7ab28301b9bf75f20f5af47b7d2,Broker,2,2,100340676,9223372036854775807,true,100091095,explorer_index_and_state_read_agree,bisection_and_announcement_union,announcement_log_only,Upgraded(address),etherscan_v2_verified_source,0x2e63673ca3232bd818d12804ade7e1d688b7c11da7812d0237a3564e99cd0fb7,abi_identical_bodies_unreviewed,measured_2026_09_24_union_of_published_artifact_onchain_registry_and_chain_index,eip1967 implementation slot
XDC,50,MentoExchangeProvider,third_party_mento,published,0x2ffbb49055d487ddbbb0c052cd7c2a02a7971e41,0xd9ce916d711977d5b27697a13964556b4fb8af1d,GoodDollarExchangeProvider,1,2,100091095,100340676,false,100091095,explorer_index_and_state_read_agree,bisection_and_announcement_union,announcement_log_only,Upgraded(address),etherscan_v2_verified_source,0x65d8c817bac8f41eb34548c15ad6ae5e744da2bd5373916df3b8e63f1fecd916,abi_identical_bodies_unreviewed,measured_2026_09_24_union_of_published_artifact_onchain_registry_and_chain_index,"eip1967 implementation slot. bisection says 0xd9ce916d711977d5b27697a13964556b4fb8af1d, announcement says 0x66375ec587d8482d77cf7529a8479c3fa85c850f"
XDC,50,MentoExchangeProvider,third_party_mento,published,0x2ffbb49055d487ddbbb0c052cd7c2a02a7971e41,0xe930cde20f60d0a4fc9487874861ae259f5bed48,GoodDollarExchangeProvider,2,2,100340676,9223372036854775807,true,100091095,explorer_index_and_state_read_agree,bisection_and_announcement_union,slot_bisection_and_announcement_log,Upgraded(address),etherscan_v2_verified_source,0x5ed71ccf7c4789f438827e074bc8bba84c7fc2c615495b12a2f9c51398a8b0d5,carried_from_seed: ExchangeUpdated event added. Not currently consumed.,measured_2026_09_24_union_of_published_artifact_onchain_registry_and_chain_index,eip1967 implementation slot
XDC,50,MentoExpansionController,third_party_mento,published,0x5557e9def86ad6564462741a7a3f3679c1223f5d,0x7288d592e1b9013c668801f722be650993d2925a,GoodDollarExpansionController,1,1,100091095,9223372036854775807,true,100091095,explorer_index_and_state_read_agree,bisection_and_announcement_union,announcement_log_only,Upgraded(address),etherscan_v2_verified_source,0x9da4f4203282696d49deb0c241e49e0ff09f8b6da2d463f69f3fc98e66899a74,abi_identical_bodies_unreviewed,measured_2026_09_24_union_of_published_artifact_onchain_registry_and_chain_index,eip1967 implementation slot
XDC,50,MentoProxyAdmin,third_party_mento,published,0x8471406c3bff67cc6538481c8550364bda6ca691,0x8471406c3bff67cc6538481c8550364bda6ca691,ProxyAdmin,1,1,98383258,9223372036854775807,true,98383258,explorer_index_and_state_read_agree,single_era_no_proxy_slot,contract_creation,none,etherscan_v2_verified_source,0xdd44d5a52707f76ac1bb4147820056bd47ca2c90f79d82fdaeb19b7d180179b4,abi_identical_bodies_unreviewed,measured_2026_09_24_union_of_published_artifact_onchain_registry_and_chain_index,plain contract. slots re-read at block 107576851
XDC,50,MentoReserve,third_party_mento,published,0x94a3240f484a04f5e3d524f528d02694c109463b,0xf036896e9441ecaeb1b6d2fc1b982021eed2b439,Reserve,1,2,100091095,100340676,false,100091095,explorer_index_and_state_read_agree,bisection_and_announcement_union,announcement_log_only,Upgraded(address),etherscan_v2_verified_source,0xe5750e9acc0322eae552526478b90a1a762ea401bf9094ff36daa6d0e4669020,abi_identical_bodies_unreviewed,measured_2026_09_24_union_of_published_artifact_onchain_registry_and_chain_index,eip1967 implementation slot
XDC,50,MentoReserve,third_party_mento,published,0x94a3240f484a04f5e3d524f528d02694c109463b,0xbdaa65e8175875340365d76a660bb2a7a4efe909,Reserve,2,2,100340676,9223372036854775807,true,100091095,explorer_index_and_state_read_agree,bisection_and_announcement_union,slot_bisection_and_announcement_log,Upgraded(address),etherscan_v2_verified_source,0xe5750e9acc0322eae552526478b90a1a762ea401bf9094ff36daa6d0e4669020,abi_identical_bodies_unreviewed,measured_2026_09_24_union_of_published_artifact_onchain_registry_and_chain_index,eip1967 implementation slot
XDC,50,MpbBridge,gooddollar_owned,published+registry,0xa3247276dbcc76dd7705273f766eb3e8a5ecf4a5,0x0000000000000000000000000000000000000000,uninitialised,1,4,95254417,95254421,false,95254417,explorer_index_and_state_read_agree,bisection_and_announcement_union,contract_creation,none,none,,"proxy_deployed_without_an_implementation: The implementation slot read zero from the creation block until the next boundary, so only the events of the proxy contract itself can occur in this window",measured_2026_09_24_union_of_published_artifact_onchain_registry_and_chain_index,eip1967 implementation slot
XDC,50,MpbBridge,gooddollar_owned,published+registry,0xa3247276dbcc76dd7705273f766eb3e8a5ecf4a5,0xa7bfc0d36300b5978cfa18301446cad3e855ae06,MessagePassingBridge,2,4,95254421,96841591,false,95254417,explorer_index_and_state_read_agree,bisection_and_announcement_union,slot_bisection_and_announcement_log,Upgraded(address),etherscan_v2_verified_source,0x039a036cd2a30cc1536d5b5a368c77e7bd870ae3d59c0b699dd5b51439b17838,abi_identical_bodies_unreviewed,measured_2026_09_24_union_of_published_artifact_onchain_registry_and_chain_index,eip1967 implementation slot
XDC,50,MpbBridge,gooddollar_owned,published+registry,0xa3247276dbcc76dd7705273f766eb3e8a5ecf4a5,0xe4cfa18a3d0a7d77faa42961ee943c9221d61937,MessagePassingBridge,3,4,96841591,100340676,false,95254417,explorer_index_and_state_read_agree,bisection_and_announcement_union,slot_bisection_and_announcement_log,Upgraded(address),etherscan_v2_verified_source,0xa5b7233c025a48d44655a945ead941546d2a69fad9cc2dec4c1a1ef033498a08,abi_identical_bodies_unreviewed,measured_2026_09_24_union_of_published_artifact_onchain_registry_and_chain_index,eip1967 implementation slot
XDC,50,MpbBridge,gooddollar_owned,published+registry,0xa3247276dbcc76dd7705273f766eb3e8a5ecf4a5,0x00f7f61080ef40d3832c8c06e8a2af757839e1f7,MessagePassingBridge,4,4,100340676,9223372036854775807,true,95254417,explorer_index_and_state_read_agree,bisection_and_announcement_union,slot_bisection_and_announcement_log,Upgraded(address),etherscan_v2_verified_source,0xbacb5fa708349d8fba6d008557d8ed01abb888eb445b8d4bd1b2cceaef833d62,abi_identical_bodies_unreviewed,measured_2026_09_24_union_of_published_artifact_onchain_registry_and_chain_index,eip1967 implementation slot
XDC,50,NameService,gooddollar_owned,published,0x1e5154bf5e31ff56051bbd45958b879fb7a290fe,0x653c67be5b3739708e84b61641253822405d78d8,NameService,1,1,95143608,9223372036854775807,true,95143608,explorer_index_and_state_read_agree,bisection_and_announcement_union,announcement_log_only,Upgraded(address),etherscan_v2_verified_source,0xaa0ffd7041640c8b913e2b76301b0ffa064ee7a84aad1d43b631dac209b7f747,abi_identical_bodies_unreviewed,measured_2026_09_24_union_of_published_artifact_onchain_registry_and_chain_index,eip1967 implementation slot
XDC,50,ProxyFactory,gooddollar_owned,published,0x5be34022c26fa03a8d6926314a42414c7ca2df51,0x5be34022c26fa03a8d6926314a42414c7ca2df51,ProxyFactory1967,1,1,95142721,9223372036854775807,true,95142721,explorer_index_and_state_read_agree,single_era_no_proxy_slot,contract_creation,none,bytecode_equality_with_celo_0xd86cd6bb3c2a576b2c2cef4e047b1a7adc5be62d,0x7f63d978bb61348d9321e9e9a382a2f88679edb38c483385333d4dbb0760fea9,abi_identical_bodies_unreviewed,measured_2026_09_24_union_of_published_artifact_onchain_registry_and_chain_index,plain contract. slots re-read at block 107576851
XDC,50,StaticOracle,third_party_infrastructure,published,0x725244458f011551dde1104c9728746eebea19f9,0x725244458f011551dde1104c9728746eebea19f9,StaticOracle,1,1,93357551,9223372036854775807,true,93357551,explorer_index_and_state_read_agree,single_era_no_proxy_slot,contract_creation,none,etherscan_v2_verified_source,0x511ddd7509fe316b6a954e51453cbfa51e42e7ab82becf2360066ddf1b2084fb,abi_identical_bodies_unreviewed,measured_2026_09_24_union_of_published_artifact_onchain_registry_and_chain_index,plain contract. slots re-read at block 107576851
XDC,50,UBIScheme,gooddollar_owned,published+registry,0x22867567e2d80f2049200e25c6f31cb6ec2f0faf,0xea12bb3917cf6ae2fde97ce4756177703426d41f,UBISchemeV2,1,1,95249624,9223372036854775807,true,95249624,explorer_index_and_state_read_agree,bisection_and_announcement_union,announcement_log_only,Upgraded(address),etherscan_v2_verified_source,0x1a2a42df99ac104b92c4f611df6d9d8e136aecf0875ac9be4dd49ab1be300c5c,abi_identical_bodies_unreviewed,measured_2026_09_24_union_of_published_artifact_onchain_registry_and_chain_index,eip1967 implementation slot
XDC,50,UniswapV3Router,third_party_infrastructure,published,0x3b9edecc4286ba33ea6e27119c2a4db99829839d,0x3b9edecc4286ba33ea6e27119c2a4db99829839d,SwapRouter02,1,1,59782347,9223372036854775807,true,59782347,explorer_index_and_state_read_agree,single_era_no_proxy_slot,contract_creation,none,etherscan_v2_verified_source,0xec362365703d4ab51bd8adfb8f580413cba66e152720928a7c975d5197f2d07a,abi_identical_bodies_unreviewed,measured_2026_09_24_union_of_published_artifact_onchain_registry_and_chain_index,plain contract. slots re-read at block 107576851
XDC,50,UniswapV3RouterOfficial,third_party_infrastructure,published,0xaa52bb8110fe38d0d2d2af0b85c3a3ee622ca455,0xaa52bb8110fe38d0d2d2af0b85c3a3ee622ca455,SwapRouter02,1,1,87230719,9223372036854775807,true,87230719,explorer_index_and_state_read_agree,single_era_no_proxy_slot,contract_creation,none,etherscan_v2_verified_source,0x5a20e5e77f75c2bc855c4e93352437bfc53301ea95935350f2f4799e898ddd48,abi_identical_bodies_unreviewed,measured_2026_09_24_union_of_published_artifact_onchain_registry_and_chain_index,plain contract. slots re-read at block 107576851
XDC,50,WXDC,third_party_token,published,0x951857744785e80e2de051c32ee7b25f9c458c42,0x951857744785e80e2de051c32ee7b25f9c458c42,WXDC,1,1,42776215,9223372036854775807,true,42776215,explorer_index_and_state_read_agree,single_era_no_proxy_slot,contract_creation,none,etherscan_v2_verified_source,0x4e0fcac36e857c9408b310cc1b8dfe2c3e8aff8c199ea1df31c4ebdaccdcc57e,abi_identical_bodies_unreviewed,measured_2026_09_24_union_of_published_artifact_onchain_registry_and_chain_index,plain contract. slots re-read at block 107576851
CELO,42220,UpdateReserveRatio,unclassified_pending_ownership_test,discovered,0x1f3d49414e4b7b32a5e23fbca71778df760d97a3,0x1f3d49414e4b7b32a5e23fbca71778df760d97a3,UpdateReserveRatio,1,1,61141715,9223372036854775807,true,61141715,etherscan_v2_getcontractcreation,single_era_no_proxy_slot,contract_creation,none,etherscan_v2_verified_source,0x83c1d603e8c3ed0dbd3a813582014dc03b823fa18aa71c5fa7786f5640837fff,ownership_unestablished: The verified source name references the GoodDollar reserve and the same creator deployed it on both GoodDollar chains but neither fact is a control relationship. What would settle it is reading whether the protocol Controller or Avatar ever granted this address a role or whether it appears as a caller in a reserve parameter change.,measured_2026_09_24_state_reads_at_a_pinned_block_two_endpoints_agreeing,omission found by factory enumeration and added 2026-09-24. NOT a proxy: EIP-1967 implementation beacon and admin slots and the older OpenZeppelin and EIP-1822 slots and storage slots 0 1 and 2 are ALL zero at the creation block at eight interior probes and at the pin with two agreeing endpoints on every read. Verified source names it UpdateReserveRatio and the index reports Proxy=0. ABI declares ZERO events so it contributes no event_surface row. Creation tx creator is 0x5128e3c1f8846724cc1007af9b4189713922e4bb on BOTH chains which is neither of the ProxyFactory addresses the earlier passes named. Identical runtime bytecode on both chains. slots read at block 78397063
XDC,50,UpdateReserveRatio,unclassified_pending_ownership_test,discovered,0x2431f53afda24130722dbeb9f9b1b0b8d2fbb197,0x2431f53afda24130722dbeb9f9b1b0b8d2fbb197,UpdateReserveRatio,1,1,100111919,9223372036854775807,true,100111919,etherscan_v2_getcontractcreation,single_era_no_proxy_slot,contract_creation,none,etherscan_v2_verified_source,0x83c1d603e8c3ed0dbd3a813582014dc03b823fa18aa71c5fa7786f5640837fff,ownership_unestablished: The verified source name references the GoodDollar reserve and the same creator deployed it on both GoodDollar chains but neither fact is a control relationship. What would settle it is reading whether the protocol Controller or Avatar ever granted this address a role or whether it appears as a caller in a reserve parameter change.,measured_2026_09_24_state_reads_at_a_pinned_block_two_endpoints_agreeing,omission found by factory enumeration and added 2026-09-24. NOT a proxy: EIP-1967 implementation beacon and admin slots and the older OpenZeppelin and EIP-1822 slots and storage slots 0 1 and 2 are ALL zero at the creation block at eight interior probes and at the pin with two agreeing endpoints on every read. Verified source names it UpdateReserveRatio and the index reports Proxy=0. ABI declares ZERO events so it contributes no event_surface row. Creation tx creator is 0x5128e3c1f8846724cc1007af9b4189713922e4bb on BOTH chains which is neither of the ProxyFactory addresses the earlier passes named. Identical runtime bytecode on both chains. slots read at block 107626168
